{
  "RELIANCE.NS_rsi_oversold": 1783567541.2027807,
  "ETH-USD_ma_bullish": 1783856228.2667272,
  "GBP/USD_ma_bearish": 1783845953.173204,
  "USD/JPY_breakout_up": 1783856557.6509268,
  "GBP/USD_rsi_overbought": 1783653951.776208,
  "GBP/USD_breakout_up": 1783766750.3747096,
  "USD/JPY_rsi_overbought": 1783856557.3176417,
  "ETH-USD_breakout_down": 1783833944.25622,
  "EUR/USD_breakout_up": 1783860159.2944908,
  "BTC-USD_breakout_down": 1783848149.6106076,
  "BTC-USD_rsi_oversold": 1783836441.1852539,
  "EUR/USD_rsi_overbought": 1783654279.3113604,
  "ETH-USD_ma_bearish": 1783848401.5288074,
  "BTC-USD_ma_bullish": 1783856556.8505654,
  "BTC-USD_breakout_up": 1783858340.1418946,
  "ETH-USD_breakout_up": 1783856228.4174232,
  "ETH-USD_rsi_overbought": 1783844483.0684164,
  "BTC-USD_rsi_overbought": 1783780289.1220458,
  "BTC-USD_ma_bearish": 1783853003.40274,
  "EUR/USD_ma_bearish": 1783856774.190836,
  "USD/JPY_ma_bearish": 1783853859.1933947,
  "GBP/USD_ma_bullish": 1783840555.9982154,
  "ETH-USD_rsi_oversold": 1783836441.758262,
  "EUR/USD_breakout_down": 1783856774.325024,
  "GBP/USD_breakout_down": 1783790150.5153158,
  "USD/JPY_ma_bullish": 1783856774.5498648,
  "GBP/USD_rsi_oversold": 1783790150.3210409,
  "EUR/USD_rsi_oversold": 1783857365.2649033,
  "INFY.NS_rsi_oversold": 1783568740.7778518,
  "INFY.NS_ma_bearish": 1783675544.264353,
  "INFY.NS_breakout_down": 1783568740.9375906,
  "TCS.NS_breakout_down": 1783568740.4117315,
  "RELIANCE.NS_breakout_down": 1783588285.1531568,
  "TCS.NS_rsi_oversold": 1783572348.496318,
  "TCS.NS_ma_bearish": 1783670744.2248492,
  "HDFCBANK.NS_breakout_down": 1783502752.4836931,
  "HDFCBANK.NS_ma_bullish": 1783577473.892953,
  "RELIANCE.NS_ma_bullish": 1783658472.757465,
  "EUR/USD_ma_bullish": 1783861871.1981337,
  "HDFCBANK.NS_breakout_up": 1783660872.6845577,
  "RELIANCE.NS_ma_bearish": 1783588285.0074513,
  "HDFCBANK.NS_ma_bearish": 1783412744.6811852,
  "RELIANCE.NS_breakout_up": 1783862205.028156,
  "TCS.NS_ma_bullish": 1783583758.290045,
  "USD/JPY_breakout_down": 1783696873.1398454,
  "USD/JPY_rsi_oversold": 1783698073.118094,
  "INFY.NS_rsi_overbought": 1783655151.567533,
  "INFY.NS_breakout_up": 1783655151.8382857,
  "TCS.NS_breakout_up": 1783655151.1585073,
  "INFY.NS_ma_bullish": 1783584144.0574884,
  "TCS.NS_rsi_overbought": 1783655150.9388764,
  "HDFCBANK.NS_rsi_overbought": 1783403154.3971727,
  "RELIANCE.NS_rsi_overbought": 1783319145.7075825,
  "HDFCBANK.NS_rsi_oversold": 1783564291.8806932
}