{
  "RELIANCE.NS_rsi_oversold": 1782792653.040741,
  "ETH-USD_ma_bullish": 1782795947.341284,
  "GBP/USD_ma_bearish": 1782779465.115817,
  "USD/JPY_breakout_up": 1782799282.2684326,
  "GBP/USD_rsi_overbought": 1782756081.0189817,
  "GBP/USD_breakout_up": 1782762942.4634864,
  "USD/JPY_rsi_overbought": 1782780943.944846,
  "ETH-USD_breakout_down": 1782792343.2262974,
  "EUR/USD_breakout_up": 1782752143.3868184,
  "BTC-USD_breakout_down": 1782796548.0084016,
  "BTC-USD_rsi_oversold": 1782792342.9670467,
  "EUR/USD_rsi_overbought": 1782753350.861262,
  "ETH-USD_ma_bearish": 1782791448.201097,
  "BTC-USD_ma_bullish": 1782787256.2444685,
  "BTC-USD_breakout_up": 1782762649.6628852,
  "ETH-USD_breakout_up": 1782751546.4717796,
  "ETH-USD_rsi_overbought": 1782753349.8971388,
  "BTC-USD_rsi_overbought": 1782753652.6492076,
  "BTC-USD_ma_bearish": 1782790542.418664,
  "EUR/USD_ma_bearish": 1782766870.458531,
  "USD/JPY_ma_bearish": 1782768669.798592,
  "GBP/USD_ma_bullish": 1782775873.1505804,
  "ETH-USD_rsi_oversold": 1782792948.1059594,
  "EUR/USD_breakout_down": 1782793542.6395457,
  "GBP/USD_breakout_down": 1782795677.5949628,
  "USD/JPY_ma_bullish": 1782780351.4124947,
  "GBP/USD_rsi_oversold": 1782799281.621693,
  "EUR/USD_rsi_oversold": 1782799279.8891492,
  "INFY.NS_rsi_oversold": 1782795049.8760698,
  "INFY.NS_ma_bearish": 1782791743.5318925,
  "INFY.NS_breakout_down": 1782791449.5028868,
  "TCS.NS_breakout_down": 1782792077.3822503,
  "RELIANCE.NS_breakout_down": 1782792344.4067705,
  "TCS.NS_rsi_oversold": 1782792344.771904,
  "TCS.NS_ma_bearish": 1782792653.5662246,
  "HDFCBANK.NS_breakout_down": 1782793254.6404905
}