{
  "RELIANCE.NS_rsi_oversold": 1782792653.040741,
  "ETH-USD_ma_bullish": 1783288263.4977567,
  "GBP/USD_ma_bearish": 1783287950.670576,
  "USD/JPY_breakout_up": 1783095660.7684555,
  "GBP/USD_rsi_overbought": 1783279259.6157796,
  "GBP/USD_breakout_up": 1783279259.9540095,
  "USD/JPY_rsi_overbought": 1783036882.35823,
  "ETH-USD_breakout_down": 1783283473.5799284,
  "EUR/USD_breakout_up": 1783278951.643745,
  "BTC-USD_breakout_down": 1783283473.2728624,
  "BTC-USD_rsi_oversold": 1783243870.8717384,
  "EUR/USD_rsi_overbought": 1783278951.0529377,
  "ETH-USD_ma_bearish": 1783281680.828696,
  "BTC-USD_ma_bullish": 1783287071.9815373,
  "BTC-USD_breakout_up": 1783288887.4645832,
  "ETH-USD_breakout_up": 1783288887.7068086,
  "ETH-USD_rsi_overbought": 1783289753.9447844,
  "BTC-USD_rsi_overbought": 1783292488.1688952,
  "BTC-USD_ma_bearish": 1783282258.3253145,
  "EUR/USD_ma_bearish": 1783288541.1784723,
  "USD/JPY_ma_bearish": 1783284939.643209,
  "GBP/USD_ma_bullish": 1783240279.889982,
  "ETH-USD_rsi_oversold": 1783285863.9978783,
  "EUR/USD_breakout_down": 1783257661.378422,
  "GBP/USD_breakout_down": 1783195299.0458117,
  "USD/JPY_ma_bullish": 1783266350.9739308,
  "GBP/USD_rsi_oversold": 1783260663.9997387,
  "EUR/USD_rsi_oversold": 1783277148.7616432,
  "INFY.NS_rsi_oversold": 1782896148.876377,
  "INFY.NS_ma_bearish": 1783068946.928035,
  "INFY.NS_breakout_down": 1782896745.3713608,
  "TCS.NS_breakout_down": 1782963655.303022,
  "RELIANCE.NS_breakout_down": 1782972088.5563407,
  "TCS.NS_rsi_oversold": 1782963655.0770402,
  "TCS.NS_ma_bearish": 1783069860.1310596,
  "HDFCBANK.NS_breakout_down": 1783071662.107813,
  "HDFCBANK.NS_ma_bullish": 1783052745.1821814,
  "RELIANCE.NS_ma_bullish": 1783295151.6229656,
  "EUR/USD_ma_bullish": 1783278951.4050562,
  "HDFCBANK.NS_breakout_up": 1783050948.3865757,
  "RELIANCE.NS_ma_bearish": 1783068061.1885023,
  "HDFCBANK.NS_ma_bearish": 1783068061.9924304,
  "RELIANCE.NS_breakout_up": 1783050660.7825005,
  "TCS.NS_ma_bullish": 1782968143.7259114,
  "USD/JPY_breakout_down": 1783251951.950031,
  "USD/JPY_rsi_oversold": 1783259457.2775683,
  "INFY.NS_rsi_overbought": 1783061747.280819,
  "INFY.NS_breakout_up": 1783050055.117845,
  "TCS.NS_breakout_up": 1783050357.368316,
  "INFY.NS_ma_bullish": 1782965456.1829696,
  "TCS.NS_rsi_overbought": 1783061456.5830274
}