{
  "RELIANCE.NS_rsi_oversold": 1783567541.2027807,
  "ETH-USD_ma_bullish": 1784053551.3747902,
  "GBP/USD_ma_bearish": 1784046343.1855683,
  "USD/JPY_breakout_up": 1784054481.3701437,
  "GBP/USD_rsi_overbought": 1784038279.501091,
  "GBP/USD_breakout_up": 1784029879.2713947,
  "USD/JPY_rsi_overbought": 1783966877.3098445,
  "ETH-USD_breakout_down": 1784011277.8005126,
  "EUR/USD_breakout_up": 1784030144.9258418,
  "BTC-USD_breakout_down": 1783978293.004976,
  "BTC-USD_rsi_oversold": 1783964483.2072735,
  "EUR/USD_rsi_overbought": 1784035906.2179005,
  "ETH-USD_ma_bearish": 1784031354.1964571,
  "BTC-USD_ma_bullish": 1784055078.6945212,
  "BTC-USD_breakout_up": 1784043090.8843198,
  "ETH-USD_breakout_up": 1784032292.2073607,
  "ETH-USD_rsi_overbought": 1784035905.2041383,
  "BTC-USD_rsi_overbought": 1784041545.006228,
  "BTC-USD_ma_bearish": 1784049354.8898294,
  "EUR/USD_ma_bearish": 1784048144.333948,
  "USD/JPY_ma_bearish": 1784020556.2584217,
  "GBP/USD_ma_bullish": 1784019344.321634,
  "ETH-USD_rsi_oversold": 1783978881.7403789,
  "EUR/USD_breakout_down": 1784054480.8789804,
  "GBP/USD_breakout_down": 1784049682.4561207,
  "USD/JPY_ma_bullish": 1784046343.4461515,
  "GBP/USD_rsi_oversold": 1783974081.944633,
  "EUR/USD_rsi_oversold": 1783974702.1610115,
  "INFY.NS_rsi_oversold": 1783568740.7778518,
  "INFY.NS_ma_bearish": 1784004079.234755,
  "INFY.NS_breakout_down": 1784015151.6093915,
  "TCS.NS_breakout_down": 1783568740.4117315,
  "RELIANCE.NS_breakout_down": 1784021145.044463,
  "TCS.NS_rsi_oversold": 1783572348.496318,
  "TCS.NS_ma_bearish": 1784014890.838927,
  "HDFCBANK.NS_breakout_down": 1784020878.7510536,
  "HDFCBANK.NS_ma_bullish": 1783932085.521308,
  "RELIANCE.NS_ma_bullish": 1784006746.580066,
  "EUR/USD_ma_bullish": 1784018756.9963725,
  "HDFCBANK.NS_breakout_up": 1783660872.6845577,
  "RELIANCE.NS_ma_bearish": 1784018477.048877,
  "HDFCBANK.NS_ma_bearish": 1783935678.019842,
  "RELIANCE.NS_breakout_up": 1784006154.970257,
  "TCS.NS_ma_bullish": 1784055702.948145,
  "USD/JPY_breakout_down": 1784032548.4224563,
  "USD/JPY_rsi_oversold": 1784032548.2277782,
  "INFY.NS_rsi_overbought": 1783929082.7339957,
  "INFY.NS_breakout_up": 1783928148.3662183,
  "TCS.NS_breakout_up": 1784001078.7369103,
  "INFY.NS_ma_bullish": 1783921280.3749838,
  "TCS.NS_rsi_overbought": 1784000754.6956558,
  "HDFCBANK.NS_rsi_overbought": 1783403154.3971727,
  "RELIANCE.NS_rsi_overbought": 1784007096.8920748,
  "HDFCBANK.NS_rsi_oversold": 1784020878.559113
}