{
  "RELIANCE.NS_rsi_oversold": 1782792653.040741,
  "ETH-USD_ma_bullish": 1783385744.3211753,
  "GBP/USD_ma_bearish": 1783388750.8949573,
  "USD/JPY_breakout_up": 1783383069.4026248,
  "GBP/USD_rsi_overbought": 1783367152.5731716,
  "GBP/USD_breakout_up": 1783362942.450972,
  "USD/JPY_rsi_overbought": 1783341412.6275117,
  "ETH-USD_breakout_down": 1783391743.452841,
  "EUR/USD_breakout_up": 1783375293.895507,
  "BTC-USD_breakout_down": 1783392939.0156567,
  "BTC-USD_rsi_oversold": 1783391743.0836372,
  "EUR/USD_rsi_overbought": 1783362941.7733173,
  "ETH-USD_ma_bearish": 1783386949.1985557,
  "BTC-USD_ma_bullish": 1783385461.9076035,
  "BTC-USD_breakout_up": 1783357866.1838155,
  "ETH-USD_breakout_up": 1783352752.9349499,
  "ETH-USD_rsi_overbought": 1783372271.0504694,
  "BTC-USD_rsi_overbought": 1783372552.8042114,
  "BTC-USD_ma_bearish": 1783386948.9404008,
  "EUR/USD_ma_bearish": 1783385745.0204573,
  "USD/JPY_ma_bearish": 1783390549.9540722,
  "GBP/USD_ma_bullish": 1783335343.9784539,
  "ETH-USD_rsi_oversold": 1783391743.2905433,
  "EUR/USD_breakout_down": 1783385153.3501627,
  "GBP/USD_breakout_down": 1783319145.0119965,
  "USD/JPY_ma_bullish": 1783384279.2559695,
  "GBP/USD_rsi_oversold": 1783260663.9997387,
  "EUR/USD_rsi_oversold": 1783332342.6607463,
  "INFY.NS_rsi_oversold": 1782896148.876377,
  "INFY.NS_ma_bearish": 1783068946.928035,
  "INFY.NS_breakout_down": 1783316462.452659,
  "TCS.NS_breakout_down": 1783329358.4578419,
  "RELIANCE.NS_breakout_down": 1783309858.410582,
  "TCS.NS_rsi_oversold": 1783312269.9176414,
  "TCS.NS_ma_bearish": 1783069860.1310596,
  "HDFCBANK.NS_breakout_down": 1783071662.107813,
  "HDFCBANK.NS_ma_bullish": 1783310140.7673495,
  "RELIANCE.NS_ma_bullish": 1783315541.6115804,
  "EUR/USD_ma_bullish": 1783353071.6383262,
  "HDFCBANK.NS_breakout_up": 1783323080.1011448,
  "RELIANCE.NS_ma_bearish": 1783331154.7048578,
  "HDFCBANK.NS_ma_bearish": 1783068061.9924304,
  "RELIANCE.NS_breakout_up": 1783314089.1859765,
  "TCS.NS_ma_bullish": 1782968143.7259114,
  "USD/JPY_breakout_down": 1783388141.3512309,
  "USD/JPY_rsi_oversold": 1783389066.220178,
  "INFY.NS_rsi_overbought": 1783061747.280819,
  "INFY.NS_breakout_up": 1783390551.155003,
  "TCS.NS_breakout_up": 1783050357.368316,
  "INFY.NS_ma_bullish": 1783330866.2485664,
  "TCS.NS_rsi_overbought": 1783061456.5830274,
  "HDFCBANK.NS_rsi_overbought": 1783329073.5802445,
  "RELIANCE.NS_rsi_overbought": 1783319145.7075825
}