{
  "RELIANCE.NS_rsi_oversold": 1782792653.040741,
  "ETH-USD_ma_bullish": 1783200940.3699052,
  "GBP/USD_ma_bearish": 1783187148.9101934,
  "USD/JPY_breakout_up": 1783095660.7684555,
  "GBP/USD_rsi_overbought": 1783165551.4966385,
  "GBP/USD_breakout_up": 1783177543.7001603,
  "USD/JPY_rsi_overbought": 1783036882.35823,
  "ETH-USD_breakout_down": 1783196741.4660535,
  "EUR/USD_breakout_up": 1783059654.2248611,
  "BTC-USD_breakout_down": 1783158060.9987473,
  "BTC-USD_rsi_oversold": 1783146344.8078718,
  "EUR/USD_rsi_overbought": 1783165550.7575676,
  "ETH-USD_ma_bearish": 1783203657.357345,
  "BTC-USD_ma_bullish": 1783200342.285864,
  "BTC-USD_breakout_up": 1783200342.661668,
  "ETH-USD_breakout_up": 1783168274.7112737,
  "ETH-USD_rsi_overbought": 1783187744.5355659,
  "BTC-USD_rsi_overbought": 1783187458.2903483,
  "BTC-USD_ma_bearish": 1783203346.8647394,
  "EUR/USD_ma_bearish": 1783186272.357075,
  "USD/JPY_ma_bearish": 1783184142.4169734,
  "GBP/USD_ma_bullish": 1783201857.8834364,
  "ETH-USD_rsi_oversold": 1782953152.762366,
  "EUR/USD_breakout_down": 1783094141.7525537,
  "GBP/USD_breakout_down": 1783195299.0458117,
  "USD/JPY_ma_bullish": 1783191678.9000428,
  "GBP/USD_rsi_oversold": 1782871859.4458568,
  "EUR/USD_rsi_oversold": 1782909657.908984,
  "INFY.NS_rsi_oversold": 1782896148.876377,
  "INFY.NS_ma_bearish": 1783068946.928035,
  "INFY.NS_breakout_down": 1782896745.3713608,
  "TCS.NS_breakout_down": 1782963655.303022,
  "RELIANCE.NS_breakout_down": 1782972088.5563407,
  "TCS.NS_rsi_oversold": 1782963655.0770402,
  "TCS.NS_ma_bearish": 1783069860.1310596,
  "HDFCBANK.NS_breakout_down": 1783071662.107813,
  "HDFCBANK.NS_ma_bullish": 1783052745.1821814,
  "RELIANCE.NS_ma_bullish": 1783203657.9471776,
  "EUR/USD_ma_bullish": 1783165551.0019872,
  "HDFCBANK.NS_breakout_up": 1783050948.3865757,
  "RELIANCE.NS_ma_bearish": 1783068061.1885023,
  "HDFCBANK.NS_ma_bearish": 1783068061.9924304,
  "RELIANCE.NS_breakout_up": 1783050660.7825005,
  "TCS.NS_ma_bullish": 1782968143.7259114,
  "USD/JPY_breakout_down": 1783060855.0096796,
  "USD/JPY_rsi_oversold": 1783177544.0904863,
  "INFY.NS_rsi_overbought": 1783061747.280819,
  "INFY.NS_breakout_up": 1783050055.117845,
  "TCS.NS_breakout_up": 1783050357.368316,
  "INFY.NS_ma_bullish": 1782965456.1829696,
  "TCS.NS_rsi_overbought": 1783061456.5830274
}