{
  "RELIANCE.NS_rsi_oversold": 1784626856.3208842,
  "ETH-USD_ma_bullish": 1784677552.0476956,
  "GBP/USD_ma_bearish": 1784624155.6787553,
  "USD/JPY_breakout_up": 1784657460.0366,
  "GBP/USD_rsi_overbought": 1784616433.7041962,
  "GBP/USD_breakout_up": 1784679946.027216,
  "USD/JPY_rsi_overbought": 1784665258.5185928,
  "ETH-USD_breakout_down": 1784674262.1750925,
  "EUR/USD_breakout_up": 1784679654.2116642,
  "BTC-USD_breakout_down": 1784672456.3211951,
  "BTC-USD_rsi_oversold": 1784656542.777102,
  "EUR/USD_rsi_overbought": 1784618745.8570044,
  "ETH-USD_ma_bearish": 1784672456.5215595,
  "BTC-USD_ma_bullish": 1784676678.2131085,
  "BTC-USD_breakout_up": 1784677255.912694,
  "ETH-USD_breakout_up": 1784677854.0718684,
  "ETH-USD_rsi_overbought": 1784679058.2153533,
  "BTC-USD_rsi_overbought": 1784678144.1309276,
  "BTC-USD_ma_bearish": 1784667349.1986127,
  "EUR/USD_ma_bearish": 1784634943.650169,
  "USD/JPY_ma_bearish": 1784603755.8229008,
  "GBP/USD_ma_bullish": 1784657754.8084853,
  "ETH-USD_rsi_oversold": 1784641570.1748643,
  "EUR/USD_breakout_down": 1784657459.1033669,
  "GBP/USD_breakout_down": 1784667950.1602757,
  "USD/JPY_ma_bullish": 1784679058.8001041,
  "GBP/USD_rsi_oversold": 1784639760.055833,
  "EUR/USD_rsi_oversold": 1784641254.1401308,
  "INFY.NS_rsi_oversold": 1784610955.2769725,
  "INFY.NS_ma_bearish": 1784281261.202661,
  "INFY.NS_breakout_down": 1784611545.6959817,
  "TCS.NS_breakout_down": 1784616435.143178,
  "RELIANCE.NS_breakout_down": 1784618453.652993,
  "TCS.NS_rsi_oversold": 1784617546.8138363,
  "TCS.NS_ma_bearish": 1784540457.6741776,
  "HDFCBANK.NS_breakout_down": 1784621754.0499318,
  "HDFCBANK.NS_ma_bullish": 1784263267.4138298,
  "RELIANCE.NS_ma_bullish": 1784262346.9868681,
  "EUR/USD_ma_bullish": 1784680273.6255083,
  "HDFCBANK.NS_breakout_up": 1784277962.8421588,
  "RELIANCE.NS_ma_bearish": 1784535948.9494376,
  "HDFCBANK.NS_ma_bearish": 1784519750.213555,
  "RELIANCE.NS_breakout_up": 1784519152.9818432,
  "TCS.NS_ma_bullish": 1784539546.448807,
  "USD/JPY_breakout_down": 1784679354.70282,
  "USD/JPY_rsi_oversold": 1784487947.4561555,
  "INFY.NS_rsi_overbought": 1784259954.9706066,
  "INFY.NS_breakout_up": 1784259955.4284313,
  "TCS.NS_breakout_up": 1784519153.257702,
  "INFY.NS_ma_bullish": 1784261465.429816,
  "TCS.NS_rsi_overbought": 1784279759.2794025,
  "HDFCBANK.NS_rsi_overbought": 1784264485.0849981,
  "RELIANCE.NS_rsi_overbought": 1784519152.724388,
  "HDFCBANK.NS_rsi_oversold": 1784676681.7992632
}