{
  "RELIANCE.NS_rsi_oversold": 1782723064.3908565,
  "ETH-USD_ma_bullish": 1782747068.9838097,
  "GBP/USD_ma_bearish": 1782726994.048853,
  "USD/JPY_breakout_up": 1782739675.291934,
  "GBP/USD_rsi_overbought": 1782747345.456122,
  "GBP/USD_breakout_up": 1782747345.672417,
  "USD/JPY_rsi_overbought": 1782739873.3397434,
  "ETH-USD_breakout_down": 1782741052.871406,
  "EUR/USD_breakout_up": 1782747344.2117817,
  "BTC-USD_breakout_down": 1782742250.1122193,
  "BTC-USD_rsi_oversold": 1782742851.8124294,
  "EUR/USD_rsi_overbought": 1782745279.1703756,
  "ETH-USD_ma_bearish": 1782746742.5026007,
  "BTC-USD_ma_bullish": 1782747339.695262
}