{
  "RELIANCE.NS_rsi_oversold": 1782723064.3908565,
  "ETH-USD_ma_bullish": 1782747068.9838097,
  "GBP/USD_ma_bearish": 1782726994.048853,
  "USD/JPY_breakout_up": 1782739675.291934,
  "GBP/USD_rsi_overbought": 1782750948.0188198,
  "GBP/USD_breakout_up": 1782752144.6680694,
  "USD/JPY_rsi_overbought": 1782739873.3397434,
  "ETH-USD_breakout_down": 1782741052.871406,
  "EUR/USD_breakout_up": 1782752143.3868184,
  "BTC-USD_breakout_down": 1782742250.1122193,
  "BTC-USD_rsi_oversold": 1782742851.8124294,
  "EUR/USD_rsi_overbought": 1782753350.861262,
  "ETH-USD_ma_bearish": 1782746742.5026007,
  "BTC-USD_ma_bullish": 1782747339.695262,
  "BTC-USD_breakout_up": 1782753050.4723327,
  "ETH-USD_breakout_up": 1782751546.4717796,
  "ETH-USD_rsi_overbought": 1782753349.8971388
}