{
  "RELIANCE.NS_rsi_oversold": 1782718728.3081203,
  "RELIANCE.NS_breakout_down": 1782718728.5841281
}