{
  "RELIANCE.NS_rsi_oversold": 1783567541.2027807,
  "ETH-USD_ma_bullish": 1784393780.9223022,
  "GBP/USD_ma_bearish": 1784387458.5502987,
  "USD/JPY_breakout_up": 1784304348.0957384,
  "GBP/USD_rsi_overbought": 1784141157.47603,
  "GBP/USD_breakout_up": 1784390541.535472,
  "USD/JPY_rsi_overbought": 1784222464.544362,
  "ETH-USD_breakout_down": 1784377594.635742,
  "EUR/USD_breakout_up": 1784299861.8833473,
  "BTC-USD_breakout_down": 1784366815.6295738,
  "BTC-USD_rsi_oversold": 1784293860.1082468,
  "EUR/USD_rsi_overbought": 1784391659.1191537,
  "ETH-USD_ma_bearish": 1784389587.0809221,
  "BTC-USD_ma_bullish": 1784392005.301625,
  "BTC-USD_breakout_up": 1784376705.5993834,
  "ETH-USD_breakout_up": 1784393781.2228549,
  "ETH-USD_rsi_overbought": 1784353279.936286,
  "BTC-USD_rsi_overbought": 1784376344.0184991,
  "BTC-USD_ma_bearish": 1784388733.5778382,
  "EUR/USD_ma_bearish": 1784374923.5351558,
  "USD/JPY_ma_bearish": 1784383009.4667494,
  "GBP/USD_ma_bullish": 1784382356.8697238,
  "ETH-USD_rsi_oversold": 1784293860.4562395,
  "EUR/USD_breakout_down": 1784283944.166174,
  "GBP/USD_breakout_down": 1784284547.8158875,
  "USD/JPY_ma_bullish": 1784393781.8848858,
  "GBP/USD_rsi_oversold": 1784293282.945687,
  "EUR/USD_rsi_oversold": 1784221550.6009843,
  "INFY.NS_rsi_oversold": 1784087151.5208836,
  "INFY.NS_ma_bearish": 1784281261.202661,
  "INFY.NS_breakout_down": 1784391661.0354347,
  "TCS.NS_breakout_down": 1784195482.2414348,
  "RELIANCE.NS_breakout_down": 1784194550.2471194,
  "TCS.NS_rsi_oversold": 1783572348.496318,
  "TCS.NS_ma_bearish": 1784193946.6303132,
  "HDFCBANK.NS_breakout_down": 1784187678.7719443,
  "HDFCBANK.NS_ma_bullish": 1784263267.4138298,
  "RELIANCE.NS_ma_bullish": 1784262346.9868681,
  "EUR/USD_ma_bullish": 1784388056.2296228,
  "HDFCBANK.NS_breakout_up": 1784277962.8421588,
  "RELIANCE.NS_ma_bearish": 1784191281.0487132,
  "HDFCBANK.NS_ma_bearish": 1784103951.9973798,
  "RELIANCE.NS_breakout_up": 1784390746.3519268,
  "TCS.NS_ma_bullish": 1784263266.2625198,
  "USD/JPY_breakout_down": 1784234315.7967181,
  "USD/JPY_rsi_oversold": 1784271948.8754127,
  "INFY.NS_rsi_overbought": 1784259954.9706066,
  "INFY.NS_breakout_up": 1784259955.4284313,
  "TCS.NS_breakout_up": 1784274658.1914942,
  "INFY.NS_ma_bullish": 1784261465.429816,
  "TCS.NS_rsi_overbought": 1784279759.2794025,
  "HDFCBANK.NS_rsi_overbought": 1784264485.0849981,
  "RELIANCE.NS_rsi_overbought": 1784262061.9913967,
  "HDFCBANK.NS_rsi_oversold": 1784020878.559113
}