{
  "RELIANCE.NS_rsi_oversold": 1782792653.040741,
  "ETH-USD_ma_bullish": 1782912346.7591176,
  "GBP/USD_ma_bearish": 1782909952.105104,
  "USD/JPY_breakout_up": 1782909952.5479264,
  "GBP/USD_rsi_overbought": 1782831687.3974707,
  "GBP/USD_breakout_up": 1782913559.509951,
  "USD/JPY_rsi_overbought": 1782836151.294712,
  "ETH-USD_breakout_down": 1782907858.4024606,
  "EUR/USD_breakout_up": 1782829542.655084,
  "BTC-USD_breakout_down": 1782907857.8302016,
  "BTC-USD_rsi_oversold": 1782907857.6516905,
  "EUR/USD_rsi_overbought": 1782831347.9756277,
  "ETH-USD_ma_bearish": 1782901544.2119112,
  "BTC-USD_ma_bullish": 1782912345.7335052,
  "BTC-USD_breakout_up": 1782912346.2712467,
  "ETH-USD_breakout_up": 1782912347.0083761,
  "ETH-USD_rsi_overbought": 1782913552.4470115,
  "BTC-USD_rsi_overbought": 1782913552.1748166,
  "BTC-USD_ma_bearish": 1782901543.9687386,
  "EUR/USD_ma_bearish": 1782890152.1632705,
  "USD/JPY_ma_bearish": 1782913562.3361306,
  "GBP/USD_ma_bullish": 1782885350.1369076,
  "ETH-USD_rsi_oversold": 1782907858.2191565,
  "EUR/USD_breakout_down": 1782908151.926393,
  "GBP/USD_breakout_down": 1782910258.2721329,
  "USD/JPY_ma_bullish": 1782903680.4080544,
  "GBP/USD_rsi_oversold": 1782871859.4458568,
  "EUR/USD_rsi_oversold": 1782909657.908984,
  "INFY.NS_rsi_oversold": 1782896148.876377,
  "INFY.NS_ma_bearish": 1782791743.5318925,
  "INFY.NS_breakout_down": 1782896745.3713608,
  "TCS.NS_breakout_down": 1782910552.442806,
  "RELIANCE.NS_breakout_down": 1782792344.4067705,
  "TCS.NS_rsi_oversold": 1782910259.3433285,
  "TCS.NS_ma_bearish": 1782886259.5907898,
  "HDFCBANK.NS_breakout_down": 1782882657.9683518,
  "HDFCBANK.NS_ma_bullish": 1782890745.5442321,
  "RELIANCE.NS_ma_bullish": 1782879944.850055,
  "EUR/USD_ma_bullish": 1782884756.2560427,
  "HDFCBANK.NS_breakout_up": 1782887480.1796403,
  "RELIANCE.NS_ma_bearish": 1782811540.3759377,
  "HDFCBANK.NS_ma_bearish": 1782898861.1414218,
  "RELIANCE.NS_breakout_up": 1782879945.0351274,
  "TCS.NS_ma_bullish": 1782884458.5809019,
  "USD/JPY_breakout_down": 1782912348.7320604,
  "USD/JPY_rsi_oversold": 1782913562.1284196
}