{
  "RELIANCE.NS_rsi_oversold": 1783567541.2027807,
  "ETH-USD_ma_bullish": 1784613051.4431434,
  "GBP/USD_ma_bearish": 1784584543.679696,
  "USD/JPY_breakout_up": 1784556092.461053,
  "GBP/USD_rsi_overbought": 1784612755.4843423,
  "GBP/USD_breakout_up": 1784613948.9602098,
  "USD/JPY_rsi_overbought": 1784557547.155349,
  "ETH-USD_breakout_down": 1784600466.218186,
  "EUR/USD_breakout_up": 1784612755.158424,
  "BTC-USD_breakout_down": 1784600465.7672718,
  "BTC-USD_rsi_oversold": 1784529345.6756196,
  "EUR/USD_rsi_overbought": 1784480747.931802,
  "ETH-USD_ma_bearish": 1784609456.332334,
  "BTC-USD_ma_bullish": 1784612754.6661503,
  "BTC-USD_breakout_up": 1784613051.2168682,
  "ETH-USD_breakout_up": 1784606747.1405857,
  "ETH-USD_rsi_overbought": 1784603150.180085,
  "BTC-USD_rsi_overbought": 1784613050.960883,
  "BTC-USD_ma_bearish": 1784610083.0268588,
  "EUR/USD_ma_bearish": 1784604672.7625692,
  "USD/JPY_ma_bearish": 1784603755.8229008,
  "GBP/USD_ma_bullish": 1784595677.541919,
  "ETH-USD_rsi_oversold": 1784587255.7380383,
  "EUR/USD_breakout_down": 1784558759.6047256,
  "GBP/USD_breakout_down": 1784558760.4276042,
  "USD/JPY_ma_bullish": 1784614549.955703,
  "GBP/USD_rsi_oversold": 1784563862.4757798,
  "EUR/USD_rsi_oversold": 1784559346.0241091,
  "INFY.NS_rsi_oversold": 1784610955.2769725,
  "INFY.NS_ma_bearish": 1784281261.202661,
  "INFY.NS_breakout_down": 1784611545.6959817,
  "TCS.NS_breakout_down": 1784611545.371424,
  "RELIANCE.NS_breakout_down": 1784605555.0416436,
  "TCS.NS_rsi_oversold": 1784613686.9927928,
  "TCS.NS_ma_bearish": 1784540457.6741776,
  "HDFCBANK.NS_breakout_down": 1784609749.8247712,
  "HDFCBANK.NS_ma_bullish": 1784263267.4138298,
  "RELIANCE.NS_ma_bullish": 1784262346.9868681,
  "EUR/USD_ma_bullish": 1784611867.7736268,
  "HDFCBANK.NS_breakout_up": 1784277962.8421588,
  "RELIANCE.NS_ma_bearish": 1784535948.9494376,
  "HDFCBANK.NS_ma_bearish": 1784519750.213555,
  "RELIANCE.NS_breakout_up": 1784519152.9818432,
  "TCS.NS_ma_bullish": 1784539546.448807,
  "USD/JPY_breakout_down": 1784547346.702354,
  "USD/JPY_rsi_oversold": 1784487947.4561555,
  "INFY.NS_rsi_overbought": 1784259954.9706066,
  "INFY.NS_breakout_up": 1784259955.4284313,
  "TCS.NS_breakout_up": 1784519153.257702,
  "INFY.NS_ma_bullish": 1784261465.429816,
  "TCS.NS_rsi_overbought": 1784279759.2794025,
  "HDFCBANK.NS_rsi_overbought": 1784264485.0849981,
  "RELIANCE.NS_rsi_overbought": 1784519152.724388,
  "HDFCBANK.NS_rsi_oversold": 1784615475.9030664
}