{
  "RELIANCE.NS_rsi_oversold": 1782792653.040741,
  "ETH-USD_ma_bullish": 1783122348.137749,
  "GBP/USD_ma_bearish": 1783126543.3251376,
  "USD/JPY_breakout_up": 1783095660.7684555,
  "GBP/USD_rsi_overbought": 1783055461.9877841,
  "GBP/USD_breakout_up": 1783055149.795237,
  "USD/JPY_rsi_overbought": 1783036882.35823,
  "ETH-USD_breakout_down": 1783127748.69447,
  "EUR/USD_breakout_up": 1783059654.2248611,
  "BTC-USD_breakout_down": 1783128673.3479738,
  "BTC-USD_rsi_oversold": 1782978055.2298744,
  "EUR/USD_rsi_overbought": 1783059654.037472,
  "ETH-USD_ma_bearish": 1783126542.929341,
  "BTC-USD_ma_bullish": 1783133457.3815172,
  "BTC-USD_breakout_up": 1783111256.7993264,
  "ETH-USD_breakout_up": 1783110675.7339847,
  "ETH-USD_rsi_overbought": 1783110675.4038193,
  "BTC-USD_rsi_overbought": 1783110342.4926615,
  "BTC-USD_ma_bearish": 1783127748.487596,
  "EUR/USD_ma_bearish": 1783127748.9503872,
  "USD/JPY_ma_bearish": 1783134343.6671638,
  "GBP/USD_ma_bullish": 1783099871.2055488,
  "ETH-USD_rsi_oversold": 1782953152.762366,
  "EUR/USD_breakout_down": 1783094141.7525537,
  "GBP/USD_breakout_down": 1783109750.5762317,
  "USD/JPY_ma_bullish": 1783073749.0833833,
  "GBP/USD_rsi_oversold": 1782871859.4458568,
  "EUR/USD_rsi_oversold": 1782909657.908984,
  "INFY.NS_rsi_oversold": 1782896148.876377,
  "INFY.NS_ma_bearish": 1783068946.928035,
  "INFY.NS_breakout_down": 1782896745.3713608,
  "TCS.NS_breakout_down": 1782963655.303022,
  "RELIANCE.NS_breakout_down": 1782972088.5563407,
  "TCS.NS_rsi_oversold": 1782963655.0770402,
  "TCS.NS_ma_bearish": 1783069860.1310596,
  "HDFCBANK.NS_breakout_down": 1783071662.107813,
  "HDFCBANK.NS_ma_bullish": 1783052745.1821814,
  "RELIANCE.NS_ma_bullish": 1783134344.2300675,
  "EUR/USD_ma_bullish": 1783107954.0483837,
  "HDFCBANK.NS_breakout_up": 1783050948.3865757,
  "RELIANCE.NS_ma_bearish": 1783068061.1885023,
  "HDFCBANK.NS_ma_bearish": 1783068061.9924304,
  "RELIANCE.NS_breakout_up": 1783050660.7825005,
  "TCS.NS_ma_bullish": 1782968143.7259114,
  "USD/JPY_breakout_down": 1783060855.0096796,
  "USD/JPY_rsi_oversold": 1783060854.743764,
  "INFY.NS_rsi_overbought": 1783061747.280819,
  "INFY.NS_breakout_up": 1783050055.117845,
  "TCS.NS_breakout_up": 1783050357.368316,
  "INFY.NS_ma_bullish": 1782965456.1829696,
  "TCS.NS_rsi_overbought": 1783061456.5830274
}