{
  "RELIANCE.NS_rsi_oversold": 1782792653.040741,
  "ETH-USD_ma_bullish": 1782955869.103413,
  "GBP/USD_ma_bearish": 1782992750.2684493,
  "USD/JPY_breakout_up": 1782935755.483245,
  "GBP/USD_rsi_overbought": 1782996353.265522,
  "GBP/USD_breakout_up": 1782996059.986492,
  "USD/JPY_rsi_overbought": 1782836151.294712,
  "ETH-USD_breakout_down": 1782976855.911871,
  "EUR/USD_breakout_up": 1782995745.8593223,
  "BTC-USD_breakout_down": 1782975052.061383,
  "BTC-USD_rsi_oversold": 1782978055.2298744,
  "EUR/USD_rsi_overbought": 1782995745.6060011,
  "ETH-USD_ma_bearish": 1782968741.6028244,
  "BTC-USD_ma_bullish": 1782981082.475638,
  "BTC-USD_breakout_up": 1782998151.6365843,
  "ETH-USD_breakout_up": 1782998456.407191,
  "ETH-USD_rsi_overbought": 1782998456.2061737,
  "BTC-USD_rsi_overbought": 1782998151.4558992,
  "BTC-USD_ma_bearish": 1782968741.3877044,
  "EUR/USD_ma_bearish": 1782993345.7272131,
  "USD/JPY_ma_bearish": 1782999072.6340954,
  "GBP/USD_ma_bullish": 1782999659.1591446,
  "ETH-USD_rsi_oversold": 1782953152.762366,
  "EUR/USD_breakout_down": 1782908151.926393,
  "GBP/USD_breakout_down": 1782994857.5310113,
  "USD/JPY_ma_bullish": 1782993345.9723573,
  "GBP/USD_rsi_oversold": 1782871859.4458568,
  "EUR/USD_rsi_oversold": 1782909657.908984,
  "INFY.NS_rsi_oversold": 1782896148.876377,
  "INFY.NS_ma_bearish": 1782791743.5318925,
  "INFY.NS_breakout_down": 1782896745.3713608,
  "TCS.NS_breakout_down": 1782963655.303022,
  "RELIANCE.NS_breakout_down": 1782972088.5563407,
  "TCS.NS_rsi_oversold": 1782963655.0770402,
  "TCS.NS_ma_bearish": 1782886259.5907898,
  "HDFCBANK.NS_breakout_down": 1782986145.4627898,
  "HDFCBANK.NS_ma_bullish": 1782969058.7840972,
  "RELIANCE.NS_ma_bullish": 1782985258.734644,
  "EUR/USD_ma_bullish": 1782996353.0154753,
  "HDFCBANK.NS_breakout_up": 1782964261.6627088,
  "RELIANCE.NS_ma_bearish": 1782967256.2146735,
  "HDFCBANK.NS_ma_bearish": 1782977145.4367592,
  "RELIANCE.NS_breakout_up": 1782964543.7004945,
  "TCS.NS_ma_bullish": 1782968143.7259114,
  "USD/JPY_breakout_down": 1782996060.6135306,
  "USD/JPY_rsi_oversold": 1782996060.4506006,
  "INFY.NS_rsi_overbought": 1782982550.495508,
  "INFY.NS_breakout_up": 1782997291.2341616,
  "TCS.NS_breakout_up": 1782980458.7533696,
  "INFY.NS_ma_bullish": 1782965456.1829696,
  "TCS.NS_rsi_overbought": 1782984347.519189
}