{
  "RELIANCE.NS_rsi_oversold": 1784796661.6349611,
  "ETH-USD_ma_bullish": 1784838351.1987727,
  "GBP/USD_ma_bearish": 1784789173.829646,
  "USD/JPY_breakout_up": 1784814661.4201684,
  "GBP/USD_rsi_overbought": 1784775680.995852,
  "GBP/USD_breakout_up": 1784779855.6280282,
  "USD/JPY_rsi_overbought": 1784818259.6911557,
  "ETH-USD_breakout_down": 1784836259.3177128,
  "EUR/USD_breakout_up": 1784778054.1161854,
  "BTC-USD_breakout_down": 1784810459.7094707,
  "BTC-USD_rsi_oversold": 1784812261.6913223,
  "EUR/USD_rsi_overbought": 1784781654.9090302,
  "ETH-USD_ma_bearish": 1784842545.9269037,
  "BTC-USD_ma_bullish": 1784837755.0417671,
  "BTC-USD_breakout_up": 1784837463.1005027,
  "ETH-USD_breakout_up": 1784796357.46924,
  "ETH-USD_rsi_overbought": 1784798460.502662,
  "BTC-USD_rsi_overbought": 1784840747.1052086,
  "BTC-USD_ma_bearish": 1784830859.2937756,
  "EUR/USD_ma_bearish": 1784835956.169266,
  "USD/JPY_ma_bearish": 1784826959.4929624,
  "GBP/USD_ma_bullish": 1784752273.6513643,
  "ETH-USD_rsi_oversold": 1784829948.2154696,
  "EUR/USD_breakout_down": 1784816459.1490438,
  "GBP/USD_breakout_down": 1784820349.859738,
  "USD/JPY_ma_bullish": 1784836545.5936425,
  "GBP/USD_rsi_oversold": 1784820349.7156744,
  "EUR/USD_rsi_oversold": 1784818555.4875515,
  "INFY.NS_rsi_oversold": 1784778360.7201228,
  "INFY.NS_ma_bearish": 1784797864.5820916,
  "INFY.NS_breakout_down": 1784778361.0047328,
  "TCS.NS_breakout_down": 1784778660.5430484,
  "RELIANCE.NS_breakout_down": 1784796059.0573773,
  "TCS.NS_rsi_oversold": 1784695852.948757,
  "TCS.NS_ma_bearish": 1784540457.6741776,
  "HDFCBANK.NS_breakout_down": 1784790976.874438,
  "HDFCBANK.NS_ma_bullish": 1784263267.4138298,
  "RELIANCE.NS_ma_bullish": 1784712352.2550647,
  "EUR/USD_ma_bullish": 1784837755.679854,
  "HDFCBANK.NS_breakout_up": 1784799072.4912443,
  "RELIANCE.NS_ma_bearish": 1784778055.3584535,
  "HDFCBANK.NS_ma_bearish": 1784519750.213555,
  "RELIANCE.NS_breakout_up": 1784519152.9818432,
  "TCS.NS_ma_bullish": 1784785261.4232311,
  "USD/JPY_breakout_down": 1784768488.8832974,
  "USD/JPY_rsi_oversold": 1784770857.5872972,
  "INFY.NS_rsi_overbought": 1784259954.9706066,
  "INFY.NS_breakout_up": 1784788874.5402925,
  "TCS.NS_breakout_up": 1784797551.763216,
  "INFY.NS_ma_bullish": 1784789746.6661377,
  "TCS.NS_rsi_overbought": 1784797551.3621478,
  "HDFCBANK.NS_rsi_overbought": 1784264485.0849981,
  "RELIANCE.NS_rsi_overbought": 1784519152.724388,
  "HDFCBANK.NS_rsi_oversold": 1784793953.4247718
}