{
  "RELIANCE.NS_rsi_oversold": 1782792653.040741,
  "ETH-USD_ma_bullish": 1783260948.2032752,
  "GBP/USD_ma_bearish": 1783234539.8712606,
  "USD/JPY_breakout_up": 1783095660.7684555,
  "GBP/USD_rsi_overbought": 1783259457.0039482,
  "GBP/USD_breakout_up": 1783251950.761143,
  "USD/JPY_rsi_overbought": 1783036882.35823,
  "ETH-USD_breakout_down": 1783244142.321192,
  "EUR/USD_breakout_up": 1783059654.2248611,
  "BTC-USD_breakout_down": 1783243540.4175167,
  "BTC-USD_rsi_oversold": 1783243870.8717384,
  "EUR/USD_rsi_overbought": 1783165550.7575676,
  "ETH-USD_ma_bearish": 1783260339.992994,
  "BTC-USD_ma_bullish": 1783255859.4528027,
  "BTC-USD_breakout_up": 1783237257.2292979,
  "ETH-USD_breakout_up": 1783225260.7089365,
  "ETH-USD_rsi_overbought": 1783187744.5355659,
  "BTC-USD_rsi_overbought": 1783238141.4193983,
  "BTC-USD_ma_bearish": 1783262141.158778,
  "EUR/USD_ma_bearish": 1783254674.622862,
  "USD/JPY_ma_bearish": 1783251951.3765588,
  "GBP/USD_ma_bullish": 1783240279.889982,
  "ETH-USD_rsi_oversold": 1783244752.039778,
  "EUR/USD_breakout_down": 1783257661.378422,
  "GBP/USD_breakout_down": 1783195299.0458117,
  "USD/JPY_ma_bullish": 1783242949.7808933,
  "GBP/USD_rsi_oversold": 1783260663.9997387,
  "EUR/USD_rsi_oversold": 1783261543.0637853,
  "INFY.NS_rsi_oversold": 1782896148.876377,
  "INFY.NS_ma_bearish": 1783068946.928035,
  "INFY.NS_breakout_down": 1782896745.3713608,
  "TCS.NS_breakout_down": 1782963655.303022,
  "RELIANCE.NS_breakout_down": 1782972088.5563407,
  "TCS.NS_rsi_oversold": 1782963655.0770402,
  "TCS.NS_ma_bearish": 1783069860.1310596,
  "HDFCBANK.NS_breakout_down": 1783071662.107813,
  "HDFCBANK.NS_ma_bullish": 1783052745.1821814,
  "RELIANCE.NS_ma_bullish": 1783262142.0663893,
  "EUR/USD_ma_bullish": 1783241148.179129,
  "HDFCBANK.NS_breakout_up": 1783050948.3865757,
  "RELIANCE.NS_ma_bearish": 1783068061.1885023,
  "HDFCBANK.NS_ma_bearish": 1783068061.9924304,
  "RELIANCE.NS_breakout_up": 1783050660.7825005,
  "TCS.NS_ma_bullish": 1782968143.7259114,
  "USD/JPY_breakout_down": 1783251951.950031,
  "USD/JPY_rsi_oversold": 1783259457.2775683,
  "INFY.NS_rsi_overbought": 1783061747.280819,
  "INFY.NS_breakout_up": 1783050055.117845,
  "TCS.NS_breakout_up": 1783050357.368316,
  "INFY.NS_ma_bullish": 1782965456.1829696,
  "TCS.NS_rsi_overbought": 1783061456.5830274
}