{
  "RELIANCE.NS_rsi_oversold": 1783567541.2027807,
  "ETH-USD_ma_bullish": 1784289345.1280742,
  "GBP/USD_ma_bearish": 1784277960.4821808,
  "USD/JPY_breakout_up": 1784280348.670429,
  "GBP/USD_rsi_overbought": 1784141157.47603,
  "GBP/USD_breakout_up": 1784270756.4678433,
  "USD/JPY_rsi_overbought": 1784222464.544362,
  "ETH-USD_breakout_down": 1784277664.9506605,
  "EUR/USD_breakout_up": 1784269262.2647822,
  "BTC-USD_breakout_down": 1784266272.1765754,
  "BTC-USD_rsi_oversold": 1784266549.4524264,
  "EUR/USD_rsi_overbought": 1784143897.5209396,
  "ETH-USD_ma_bearish": 1784291753.1959891,
  "BTC-USD_ma_bullish": 1784280059.405167,
  "BTC-USD_breakout_up": 1784288756.8772056,
  "ETH-USD_breakout_up": 1784282746.1707804,
  "ETH-USD_rsi_overbought": 1784119558.2598815,
  "BTC-USD_rsi_overbought": 1784288460.1739464,
  "BTC-USD_ma_bearish": 1784292658.5035603,
  "EUR/USD_ma_bearish": 1784281553.2246134,
  "USD/JPY_ma_bearish": 1784291472.4252079,
  "GBP/USD_ma_bullish": 1784271346.124517,
  "ETH-USD_rsi_oversold": 1784266549.6962519,
  "EUR/USD_breakout_down": 1784283944.166174,
  "GBP/USD_breakout_down": 1784284547.8158875,
  "USD/JPY_ma_bullish": 1784281553.9001021,
  "GBP/USD_rsi_oversold": 1784293282.945687,
  "EUR/USD_rsi_oversold": 1784221550.6009843,
  "INFY.NS_rsi_oversold": 1784087151.5208836,
  "INFY.NS_ma_bearish": 1784281261.202661,
  "INFY.NS_breakout_down": 1784289946.8774397,
  "TCS.NS_breakout_down": 1784195482.2414348,
  "RELIANCE.NS_breakout_down": 1784194550.2471194,
  "TCS.NS_rsi_oversold": 1783572348.496318,
  "TCS.NS_ma_bearish": 1784193946.6303132,
  "HDFCBANK.NS_breakout_down": 1784187678.7719443,
  "HDFCBANK.NS_ma_bullish": 1784263267.4138298,
  "RELIANCE.NS_ma_bullish": 1784262346.9868681,
  "EUR/USD_ma_bullish": 1784269874.742896,
  "HDFCBANK.NS_breakout_up": 1784277962.8421588,
  "RELIANCE.NS_ma_bearish": 1784191281.0487132,
  "HDFCBANK.NS_ma_bearish": 1784103951.9973798,
  "RELIANCE.NS_breakout_up": 1784289685.731685,
  "TCS.NS_ma_bullish": 1784263266.2625198,
  "USD/JPY_breakout_down": 1784234315.7967181,
  "USD/JPY_rsi_oversold": 1784271948.8754127,
  "INFY.NS_rsi_overbought": 1784259954.9706066,
  "INFY.NS_breakout_up": 1784259955.4284313,
  "TCS.NS_breakout_up": 1784274658.1914942,
  "INFY.NS_ma_bullish": 1784261465.429816,
  "TCS.NS_rsi_overbought": 1784279759.2794025,
  "HDFCBANK.NS_rsi_overbought": 1784264485.0849981,
  "RELIANCE.NS_rsi_overbought": 1784262061.9913967,
  "HDFCBANK.NS_rsi_oversold": 1784020878.559113
}