{
  "RELIANCE.NS_rsi_oversold": 1782723064.3908565,
  "ETH-USD_ma_bullish": 1782726824.9135964,
  "GBP/USD_ma_bearish": 1782726825.2297685
}