{
  "RELIANCE.NS_rsi_oversold": 1783567541.2027807,
  "ETH-USD_ma_bullish": 1784001945.8054273,
  "GBP/USD_ma_bearish": 1783950943.2182243,
  "USD/JPY_breakout_up": 1783966877.4990144,
  "GBP/USD_rsi_overbought": 1783930881.62447,
  "GBP/USD_breakout_up": 1784000142.184401,
  "USD/JPY_rsi_overbought": 1783966877.3098445,
  "ETH-USD_breakout_down": 1783978293.2454612,
  "EUR/USD_breakout_up": 1784000478.8744168,
  "BTC-USD_breakout_down": 1783978293.004976,
  "BTC-USD_rsi_oversold": 1783964483.2072735,
  "EUR/USD_rsi_overbought": 1783929351.8177347,
  "ETH-USD_ma_bearish": 1783995676.7263346,
  "BTC-USD_ma_bullish": 1784001945.4881587,
  "BTC-USD_breakout_up": 1784003742.7370675,
  "ETH-USD_breakout_up": 1783990890.4649014,
  "ETH-USD_rsi_overbought": 1783990541.4160523,
  "BTC-USD_rsi_overbought": 1783988154.4271734,
  "BTC-USD_ma_bearish": 1783999886.260377,
  "EUR/USD_ma_bearish": 1783989346.7844477,
  "USD/JPY_ma_bearish": 1783934151.4699464,
  "GBP/USD_ma_bullish": 1783991753.940862,
  "ETH-USD_rsi_oversold": 1783978881.7403789,
  "EUR/USD_breakout_down": 1783974081.5396833,
  "GBP/USD_breakout_down": 1783974345.8508177,
  "USD/JPY_ma_bullish": 1783944954.8358097,
  "GBP/USD_rsi_oversold": 1783974081.944633,
  "EUR/USD_rsi_oversold": 1783974702.1610115,
  "INFY.NS_rsi_oversold": 1783568740.7778518,
  "INFY.NS_ma_bearish": 1784003744.3365061,
  "INFY.NS_breakout_down": 1783914984.0070372,
  "TCS.NS_breakout_down": 1783568740.4117315,
  "RELIANCE.NS_breakout_down": 1784000754.4016526,
  "TCS.NS_rsi_oversold": 1783572348.496318,
  "TCS.NS_ma_bearish": 1783670744.2248492,
  "HDFCBANK.NS_breakout_down": 1784000755.380553,
  "HDFCBANK.NS_ma_bullish": 1783932085.521308,
  "RELIANCE.NS_ma_bullish": 1783658472.757465,
  "EUR/USD_ma_bullish": 1783917952.7202373,
  "HDFCBANK.NS_breakout_up": 1783660872.6845577,
  "RELIANCE.NS_ma_bearish": 1783921279.6240647,
  "HDFCBANK.NS_ma_bearish": 1783935678.019842,
  "RELIANCE.NS_breakout_up": 1783910751.8542736,
  "TCS.NS_ma_bullish": 1783914983.6365037,
  "USD/JPY_breakout_down": 1784000479.6791399,
  "USD/JPY_rsi_oversold": 1784000479.4168687,
  "INFY.NS_rsi_overbought": 1783929082.7339957,
  "INFY.NS_breakout_up": 1783928148.3662183,
  "TCS.NS_breakout_up": 1784001078.7369103,
  "INFY.NS_ma_bullish": 1783921280.3749838,
  "TCS.NS_rsi_overbought": 1784000754.6956558,
  "HDFCBANK.NS_rsi_overbought": 1783403154.3971727,
  "RELIANCE.NS_rsi_overbought": 1783319145.7075825,
  "HDFCBANK.NS_rsi_oversold": 1784000755.1614485
}