{
  "RELIANCE.NS_rsi_oversold": 1783567541.2027807,
  "ETH-USD_ma_bullish": 1783899346.6370482,
  "GBP/USD_ma_bearish": 1783915373.6089404,
  "USD/JPY_breakout_up": 1783904281.1701932,
  "GBP/USD_rsi_overbought": 1783653951.776208,
  "GBP/USD_breakout_up": 1783766750.3747096,
  "USD/JPY_rsi_overbought": 1783862746.4110284,
  "ETH-USD_breakout_down": 1783912276.0431914,
  "EUR/USD_breakout_up": 1783860159.2944908,
  "BTC-USD_breakout_down": 1783908097.1018786,
  "BTC-USD_rsi_oversold": 1783912275.5708811,
  "EUR/USD_rsi_overbought": 1783654279.3113604,
  "ETH-USD_ma_bearish": 1783906542.5777795,
  "BTC-USD_ma_bullish": 1783899346.390844,
  "BTC-USD_breakout_up": 1783901479.6175847,
  "ETH-USD_breakout_up": 1783901149.5606706,
  "ETH-USD_rsi_overbought": 1783901479.969484,
  "BTC-USD_rsi_overbought": 1783901775.4989128,
  "BTC-USD_ma_bearish": 1783905127.7863314,
  "EUR/USD_ma_bearish": 1783885875.952762,
  "USD/JPY_ma_bearish": 1783872950.6421883,
  "GBP/USD_ma_bullish": 1783914348.3663785,
  "ETH-USD_rsi_oversold": 1783912275.846414,
  "EUR/USD_breakout_down": 1783905944.6052456,
  "GBP/USD_breakout_down": 1783865644.6786718,
  "USD/JPY_ma_bullish": 1783856774.5498648,
  "GBP/USD_rsi_oversold": 1783865644.5303245,
  "EUR/USD_rsi_oversold": 1783857365.2649033,
  "INFY.NS_rsi_oversold": 1783568740.7778518,
  "INFY.NS_ma_bearish": 1783675544.264353,
  "INFY.NS_breakout_down": 1783914984.0070372,
  "TCS.NS_breakout_down": 1783568740.4117315,
  "RELIANCE.NS_breakout_down": 1783588285.1531568,
  "TCS.NS_rsi_oversold": 1783572348.496318,
  "TCS.NS_ma_bearish": 1783670744.2248492,
  "HDFCBANK.NS_breakout_down": 1783914349.4394517,
  "HDFCBANK.NS_ma_bullish": 1783577473.892953,
  "RELIANCE.NS_ma_bullish": 1783658472.757465,
  "EUR/USD_ma_bullish": 1783877144.6874704,
  "HDFCBANK.NS_breakout_up": 1783660872.6845577,
  "RELIANCE.NS_ma_bearish": 1783588285.0074513,
  "HDFCBANK.NS_ma_bearish": 1783914984.353192,
  "RELIANCE.NS_breakout_up": 1783910751.8542736,
  "TCS.NS_ma_bullish": 1783914983.6365037,
  "USD/JPY_breakout_down": 1783696873.1398454,
  "USD/JPY_rsi_oversold": 1783698073.118094,
  "INFY.NS_rsi_overbought": 1783655151.567533,
  "INFY.NS_breakout_up": 1783655151.8382857,
  "TCS.NS_breakout_up": 1783914348.990454,
  "INFY.NS_ma_bullish": 1783584144.0574884,
  "TCS.NS_rsi_overbought": 1783655150.9388764,
  "HDFCBANK.NS_rsi_overbought": 1783403154.3971727,
  "RELIANCE.NS_rsi_overbought": 1783319145.7075825,
  "HDFCBANK.NS_rsi_oversold": 1783914717.5367985
}