{
  "RELIANCE.NS_rsi_oversold": 1783482352.7857153,
  "ETH-USD_ma_bullish": 1783488076.8013408,
  "GBP/USD_ma_bearish": 1783472495.0072494,
  "USD/JPY_breakout_up": 1783474288.8589628,
  "GBP/USD_rsi_overbought": 1783470952.8718925,
  "GBP/USD_breakout_up": 1783491676.0787694,
  "USD/JPY_rsi_overbought": 1783452088.3141253,
  "ETH-USD_breakout_down": 1783491944.6887293,
  "EUR/USD_breakout_up": 1783487142.7986982,
  "BTC-USD_breakout_down": 1783486276.4048622,
  "BTC-USD_rsi_oversold": 1783476676.3651078,
  "EUR/USD_rsi_overbought": 1783362941.7733173,
  "ETH-USD_ma_bearish": 1783483871.1503117,
  "BTC-USD_ma_bullish": 1783480549.903678,
  "BTC-USD_breakout_up": 1783443342.500231,
  "ETH-USD_breakout_up": 1783443343.1618688,
  "ETH-USD_rsi_overbought": 1783443342.9581983,
  "BTC-USD_rsi_overbought": 1783443342.2075734,
  "BTC-USD_ma_bearish": 1783482941.109156,
  "EUR/USD_ma_bearish": 1783457150.9146101,
  "USD/JPY_ma_bearish": 1783484742.4738266,
  "GBP/USD_ma_bullish": 1783480550.5921626,
  "ETH-USD_rsi_oversold": 1783474873.0648396,
  "EUR/USD_breakout_down": 1783475154.9139473,
  "GBP/USD_breakout_down": 1783475155.2479076,
  "USD/JPY_ma_bullish": 1783469753.5616298,
  "GBP/USD_rsi_oversold": 1783451752.5475357,
  "EUR/USD_rsi_oversold": 1783452087.8457,
  "INFY.NS_rsi_oversold": 1782896148.876377,
  "INFY.NS_ma_bearish": 1783417269.487168,
  "INFY.NS_breakout_down": 1783486542.4643476,
  "TCS.NS_breakout_down": 1783483872.7062473,
  "RELIANCE.NS_breakout_down": 1783480873.3065479,
  "TCS.NS_rsi_oversold": 1783312269.9176414,
  "TCS.NS_ma_bearish": 1783414543.756188,
  "HDFCBANK.NS_breakout_down": 1783479076.2040584,
  "HDFCBANK.NS_ma_bullish": 1783310140.7673495,
  "RELIANCE.NS_ma_bullish": 1783315541.6115804,
  "EUR/USD_ma_bullish": 1783476952.0195246,
  "HDFCBANK.NS_breakout_up": 1783395952.967682,
  "RELIANCE.NS_ma_bearish": 1783396543.758233,
  "HDFCBANK.NS_ma_bearish": 1783412744.6811852,
  "RELIANCE.NS_breakout_up": 1783395952.011013,
  "TCS.NS_ma_bullish": 1783398349.0342734,
  "USD/JPY_breakout_down": 1783489550.5543349,
  "USD/JPY_rsi_oversold": 1783454506.9926577,
  "INFY.NS_rsi_overbought": 1783407345.0181308,
  "INFY.NS_breakout_up": 1783405542.176799,
  "TCS.NS_breakout_up": 1783399870.6809337,
  "INFY.NS_ma_bullish": 1783330866.2485664,
  "TCS.NS_rsi_overbought": 1783402864.1512725,
  "HDFCBANK.NS_rsi_overbought": 1783403154.3971727,
  "RELIANCE.NS_rsi_overbought": 1783319145.7075825
}