{
  "RELIANCE.NS_rsi_oversold": 1782723064.3908565,
  "ETH-USD_ma_bullish": 1782789653.1723812,
  "GBP/USD_ma_bearish": 1782779465.115817,
  "USD/JPY_breakout_up": 1782780944.281232,
  "GBP/USD_rsi_overbought": 1782756081.0189817,
  "GBP/USD_breakout_up": 1782762942.4634864,
  "USD/JPY_rsi_overbought": 1782780943.944846,
  "ETH-USD_breakout_down": 1782779464.4577398,
  "EUR/USD_breakout_up": 1782752143.3868184,
  "BTC-USD_breakout_down": 1782779145.3496044,
  "BTC-USD_rsi_oversold": 1782779145.108253,
  "EUR/USD_rsi_overbought": 1782753350.861262,
  "ETH-USD_ma_bearish": 1782773147.7168565,
  "BTC-USD_ma_bullish": 1782787256.2444685,
  "BTC-USD_breakout_up": 1782762649.6628852,
  "ETH-USD_breakout_up": 1782751546.4717796,
  "ETH-USD_rsi_overbought": 1782753349.8971388,
  "BTC-USD_rsi_overbought": 1782753652.6492076,
  "BTC-USD_ma_bearish": 1782786942.4868925,
  "EUR/USD_ma_bearish": 1782766870.458531,
  "USD/JPY_ma_bearish": 1782768669.798592,
  "GBP/USD_ma_bullish": 1782775873.1505804,
  "ETH-USD_rsi_oversold": 1782780051.0007439,
  "EUR/USD_breakout_down": 1782784875.9645965,
  "GBP/USD_breakout_down": 1782779465.341494,
  "USD/JPY_ma_bullish": 1782780351.4124947,
  "GBP/USD_rsi_oversold": 1782780943.6582875,
  "EUR/USD_rsi_oversold": 1782782147.2748694
}