{
  "RELIANCE.NS_rsi_oversold": 1783567541.2027807,
  "ETH-USD_ma_bullish": 1783569698.602263,
  "GBP/USD_ma_bearish": 1783572347.6314635,
  "USD/JPY_breakout_up": 1783523149.7678988,
  "GBP/USD_rsi_overbought": 1783530679.5373096,
  "GBP/USD_breakout_up": 1783574148.1962404,
  "USD/JPY_rsi_overbought": 1783523149.5752103,
  "ETH-USD_breakout_down": 1783565471.3654113,
  "EUR/USD_breakout_up": 1783574147.7438307,
  "BTC-USD_breakout_down": 1783565744.4579942,
  "BTC-USD_rsi_oversold": 1783499144.1641386,
  "EUR/USD_rsi_overbought": 1783496145.7754612,
  "ETH-USD_ma_bearish": 1783562495.6979885,
  "BTC-USD_ma_bullish": 1783569342.4543211,
  "BTC-USD_breakout_up": 1783571750.5151694,
  "ETH-USD_breakout_up": 1783571750.7177782,
  "ETH-USD_rsi_overbought": 1783574147.541581,
  "BTC-USD_rsi_overbought": 1783572945.531517,
  "BTC-USD_ma_bearish": 1783554350.420627,
  "EUR/USD_ma_bearish": 1783547157.397592,
  "USD/JPY_ma_bearish": 1783556743.0544271,
  "GBP/USD_ma_bullish": 1783574147.9412117,
  "ETH-USD_rsi_oversold": 1783524078.044401,
  "EUR/USD_breakout_down": 1783510878.259783,
  "GBP/USD_breakout_down": 1783498877.9224021,
  "USD/JPY_ma_bullish": 1783545353.1680577,
  "GBP/USD_rsi_oversold": 1783502150.9215796,
  "EUR/USD_rsi_oversold": 1783452087.8457,
  "INFY.NS_rsi_oversold": 1783568740.7778518,
  "INFY.NS_ma_bearish": 1783501876.296733,
  "INFY.NS_breakout_down": 1783568740.9375906,
  "TCS.NS_breakout_down": 1783568740.4117315,
  "RELIANCE.NS_breakout_down": 1783500075.9038908,
  "TCS.NS_rsi_oversold": 1783572348.496318,
  "TCS.NS_ma_bearish": 1783414543.756188,
  "HDFCBANK.NS_breakout_down": 1783502752.4836931,
  "HDFCBANK.NS_ma_bullish": 1783310140.7673495,
  "RELIANCE.NS_ma_bullish": 1783574473.6366587,
  "EUR/USD_ma_bullish": 1783557948.2863379,
  "HDFCBANK.NS_breakout_up": 1783395952.967682,
  "RELIANCE.NS_ma_bearish": 1783396543.758233,
  "HDFCBANK.NS_ma_bearish": 1783412744.6811852,
  "RELIANCE.NS_breakout_up": 1783395952.011013,
  "TCS.NS_ma_bullish": 1783398349.0342734,
  "USD/JPY_breakout_down": 1783556153.8201988,
  "USD/JPY_rsi_oversold": 1783454506.9926577,
  "INFY.NS_rsi_overbought": 1783407345.0181308,
  "INFY.NS_breakout_up": 1783405542.176799,
  "TCS.NS_breakout_up": 1783399870.6809337,
  "INFY.NS_ma_bullish": 1783495545.4815235,
  "TCS.NS_rsi_overbought": 1783402864.1512725,
  "HDFCBANK.NS_rsi_overbought": 1783403154.3971727,
  "RELIANCE.NS_rsi_overbought": 1783319145.7075825,
  "HDFCBANK.NS_rsi_oversold": 1783564291.8806932
}