{
  "RELIANCE.NS_rsi_oversold": 1783567541.2027807,
  "ETH-USD_ma_bullish": 1783669553.0954316,
  "GBP/USD_ma_bearish": 1783662349.4314632,
  "USD/JPY_breakout_up": 1783594552.0590792,
  "GBP/USD_rsi_overbought": 1783653951.776208,
  "GBP/USD_breakout_up": 1783648544.9604385,
  "USD/JPY_rsi_overbought": 1783523149.5752103,
  "ETH-USD_breakout_down": 1783665086.3726192,
  "EUR/USD_breakout_up": 1783648544.7252104,
  "BTC-USD_breakout_down": 1783664745.7604692,
  "BTC-USD_rsi_oversold": 1783499144.1641386,
  "EUR/USD_rsi_overbought": 1783654279.3113604,
  "ETH-USD_ma_bearish": 1783665678.7963703,
  "BTC-USD_ma_bullish": 1783669870.5790935,
  "BTC-USD_breakout_up": 1783670743.126442,
  "ETH-USD_breakout_up": 1783671670.4236844,
  "ETH-USD_rsi_overbought": 1783671670.2714987,
  "BTC-USD_rsi_overbought": 1783671670.0779788,
  "BTC-USD_ma_bearish": 1783665086.0488603,
  "EUR/USD_ma_bearish": 1783661478.120894,
  "USD/JPY_ma_bearish": 1783604760.058881,
  "GBP/USD_ma_bullish": 1783610158.4501863,
  "ETH-USD_rsi_oversold": 1783594550.7116258,
  "EUR/USD_breakout_down": 1783625742.9686637,
  "GBP/USD_breakout_down": 1783670496.669623,
  "USD/JPY_ma_bullish": 1783664151.057206,
  "GBP/USD_rsi_oversold": 1783502150.9215796,
  "EUR/USD_rsi_oversold": 1783452087.8457,
  "INFY.NS_rsi_oversold": 1783568740.7778518,
  "INFY.NS_ma_bearish": 1783501876.296733,
  "INFY.NS_breakout_down": 1783568740.9375906,
  "TCS.NS_breakout_down": 1783568740.4117315,
  "RELIANCE.NS_breakout_down": 1783588285.1531568,
  "TCS.NS_rsi_oversold": 1783572348.496318,
  "TCS.NS_ma_bearish": 1783670744.2248492,
  "HDFCBANK.NS_breakout_down": 1783502752.4836931,
  "HDFCBANK.NS_ma_bullish": 1783577473.892953,
  "RELIANCE.NS_ma_bullish": 1783658472.757465,
  "EUR/USD_ma_bullish": 1783603879.0239778,
  "HDFCBANK.NS_breakout_up": 1783660872.6845577,
  "RELIANCE.NS_ma_bearish": 1783588285.0074513,
  "HDFCBANK.NS_ma_bearish": 1783412744.6811852,
  "RELIANCE.NS_breakout_up": 1783670743.9559808,
  "TCS.NS_ma_bullish": 1783583758.290045,
  "USD/JPY_breakout_down": 1783648545.4388127,
  "USD/JPY_rsi_oversold": 1783656095.0047374,
  "INFY.NS_rsi_overbought": 1783655151.567533,
  "INFY.NS_breakout_up": 1783655151.8382857,
  "TCS.NS_breakout_up": 1783655151.1585073,
  "INFY.NS_ma_bullish": 1783584144.0574884,
  "TCS.NS_rsi_overbought": 1783655150.9388764,
  "HDFCBANK.NS_rsi_overbought": 1783403154.3971727,
  "RELIANCE.NS_rsi_overbought": 1783319145.7075825,
  "HDFCBANK.NS_rsi_oversold": 1783564291.8806932
}