{
  "RELIANCE.NS_rsi_oversold": 1784792761.6596718,
  "ETH-USD_ma_bullish": 1784785563.1289868,
  "GBP/USD_ma_bearish": 1784789173.829646,
  "USD/JPY_breakout_up": 1784790658.5795658,
  "GBP/USD_rsi_overbought": 1784775680.995852,
  "GBP/USD_breakout_up": 1784779855.6280282,
  "USD/JPY_rsi_overbought": 1784792760.6404088,
  "ETH-USD_breakout_down": 1784790973.729044,
  "EUR/USD_breakout_up": 1784778054.1161854,
  "BTC-USD_breakout_down": 1784790971.4822938,
  "BTC-USD_rsi_oversold": 1784791255.888917,
  "EUR/USD_rsi_overbought": 1784781654.9090302,
  "ETH-USD_ma_bearish": 1784791256.5905528,
  "BTC-USD_ma_bullish": 1784784950.462607,
  "BTC-USD_breakout_up": 1784784696.4775124,
  "ETH-USD_breakout_up": 1784784950.7095501,
  "ETH-USD_rsi_overbought": 1784757278.710779,
  "BTC-USD_rsi_overbought": 1784766345.6834862,
  "BTC-USD_ma_bearish": 1784791256.2697814,
  "EUR/USD_ma_bearish": 1784791872.417614,
  "USD/JPY_ma_bearish": 1784757279.3869858,
  "GBP/USD_ma_bullish": 1784752273.6513643,
  "ETH-USD_rsi_oversold": 1784701549.6677125,
  "EUR/USD_breakout_down": 1784714745.5885007,
  "GBP/USD_breakout_down": 1784793058.00865,
  "USD/JPY_ma_bullish": 1784785563.7492511,
  "GBP/USD_rsi_oversold": 1784639760.055833,
  "EUR/USD_rsi_oversold": 1784641254.1401308,
  "INFY.NS_rsi_oversold": 1784778360.7201228,
  "INFY.NS_ma_bearish": 1784281261.202661,
  "INFY.NS_breakout_down": 1784778361.0047328,
  "TCS.NS_breakout_down": 1784778660.5430484,
  "RELIANCE.NS_breakout_down": 1784790088.6857893,
  "TCS.NS_rsi_oversold": 1784695852.948757,
  "TCS.NS_ma_bearish": 1784540457.6741776,
  "HDFCBANK.NS_breakout_down": 1784790976.874438,
  "HDFCBANK.NS_ma_bullish": 1784263267.4138298,
  "RELIANCE.NS_ma_bullish": 1784712352.2550647,
  "EUR/USD_ma_bullish": 1784767551.8663833,
  "HDFCBANK.NS_breakout_up": 1784277962.8421588,
  "RELIANCE.NS_ma_bearish": 1784778055.3584535,
  "HDFCBANK.NS_ma_bearish": 1784519750.213555,
  "RELIANCE.NS_breakout_up": 1784519152.9818432,
  "TCS.NS_ma_bullish": 1784785261.4232311,
  "USD/JPY_breakout_down": 1784768488.8832974,
  "USD/JPY_rsi_oversold": 1784770857.5872972,
  "INFY.NS_rsi_overbought": 1784259954.9706066,
  "INFY.NS_breakout_up": 1784788874.5402925,
  "TCS.NS_breakout_up": 1784787960.8907156,
  "INFY.NS_ma_bullish": 1784789746.6661377,
  "TCS.NS_rsi_overbought": 1784279759.2794025,
  "HDFCBANK.NS_rsi_overbought": 1784264485.0849981,
  "RELIANCE.NS_rsi_overbought": 1784519152.724388,
  "HDFCBANK.NS_rsi_oversold": 1784793953.4247718
}