{
  "RELIANCE.NS_rsi_oversold": 1783567541.2027807,
  "ETH-USD_ma_bullish": 1784303750.570143,
  "GBP/USD_ma_bearish": 1784277960.4821808,
  "USD/JPY_breakout_up": 1784304348.0957384,
  "GBP/USD_rsi_overbought": 1784141157.47603,
  "GBP/USD_breakout_up": 1784296549.760361,
  "USD/JPY_rsi_overbought": 1784222464.544362,
  "ETH-USD_breakout_down": 1784294153.5258708,
  "EUR/USD_breakout_up": 1784299861.8833473,
  "BTC-USD_breakout_down": 1784266272.1765754,
  "BTC-USD_rsi_oversold": 1784293860.1082468,
  "EUR/USD_rsi_overbought": 1784143897.5209396,
  "ETH-USD_ma_bearish": 1784301672.7398028,
  "BTC-USD_ma_bullish": 1784298058.369618,
  "BTC-USD_breakout_up": 1784297757.9751086,
  "ETH-USD_breakout_up": 1784282746.1707804,
  "ETH-USD_rsi_overbought": 1784119558.2598815,
  "BTC-USD_rsi_overbought": 1784297757.6176229,
  "BTC-USD_ma_bearish": 1784292658.5035603,
  "EUR/USD_ma_bearish": 1784281553.2246134,
  "USD/JPY_ma_bearish": 1784291472.4252079,
  "GBP/USD_ma_bullish": 1784297759.9878573,
  "ETH-USD_rsi_oversold": 1784293860.4562395,
  "EUR/USD_breakout_down": 1784283944.166174,
  "GBP/USD_breakout_down": 1784284547.8158875,
  "USD/JPY_ma_bullish": 1784298678.2237473,
  "GBP/USD_rsi_oversold": 1784293282.945687,
  "EUR/USD_rsi_oversold": 1784221550.6009843,
  "INFY.NS_rsi_oversold": 1784087151.5208836,
  "INFY.NS_ma_bearish": 1784281261.202661,
  "INFY.NS_breakout_down": 1784301376.467389,
  "TCS.NS_breakout_down": 1784195482.2414348,
  "RELIANCE.NS_breakout_down": 1784194550.2471194,
  "TCS.NS_rsi_oversold": 1783572348.496318,
  "TCS.NS_ma_bearish": 1784193946.6303132,
  "HDFCBANK.NS_breakout_down": 1784187678.7719443,
  "HDFCBANK.NS_ma_bullish": 1784263267.4138298,
  "RELIANCE.NS_ma_bullish": 1784262346.9868681,
  "EUR/USD_ma_bullish": 1784300144.5034208,
  "HDFCBANK.NS_breakout_up": 1784277962.8421588,
  "RELIANCE.NS_ma_bearish": 1784191281.0487132,
  "HDFCBANK.NS_ma_bearish": 1784103951.9973798,
  "RELIANCE.NS_breakout_up": 1784301068.624855,
  "TCS.NS_ma_bullish": 1784263266.2625198,
  "USD/JPY_breakout_down": 1784234315.7967181,
  "USD/JPY_rsi_oversold": 1784271948.8754127,
  "INFY.NS_rsi_overbought": 1784259954.9706066,
  "INFY.NS_breakout_up": 1784259955.4284313,
  "TCS.NS_breakout_up": 1784274658.1914942,
  "INFY.NS_ma_bullish": 1784261465.429816,
  "TCS.NS_rsi_overbought": 1784279759.2794025,
  "HDFCBANK.NS_rsi_overbought": 1784264485.0849981,
  "RELIANCE.NS_rsi_overbought": 1784262061.9913967,
  "HDFCBANK.NS_rsi_oversold": 1784020878.559113
}