{
  "RELIANCE.NS_rsi_oversold": 1782792653.040741,
  "ETH-USD_ma_bullish": 1783300261.3802547,
  "GBP/USD_ma_bearish": 1783302389.6370544,
  "USD/JPY_breakout_up": 1783300862.0379481,
  "GBP/USD_rsi_overbought": 1783279259.6157796,
  "GBP/USD_breakout_up": 1783279259.9540095,
  "USD/JPY_rsi_overbought": 1783304744.047304,
  "ETH-USD_breakout_down": 1783308341.2163963,
  "EUR/USD_breakout_up": 1783278951.643745,
  "BTC-USD_breakout_down": 1783308340.9949486,
  "BTC-USD_rsi_oversold": 1783243870.8717384,
  "EUR/USD_rsi_overbought": 1783278951.0529377,
  "ETH-USD_ma_bearish": 1783304147.140026,
  "BTC-USD_ma_bullish": 1783300260.7118652,
  "BTC-USD_breakout_up": 1783300260.9881628,
  "ETH-USD_breakout_up": 1783301741.9317553,
  "ETH-USD_rsi_overbought": 1783289753.9447844,
  "BTC-USD_rsi_overbought": 1783292488.1688952,
  "BTC-USD_ma_bearish": 1783296342.4353778,
  "EUR/USD_ma_bearish": 1783288541.1784723,
  "USD/JPY_ma_bearish": 1783284939.643209,
  "GBP/USD_ma_bullish": 1783300568.346203,
  "ETH-USD_rsi_oversold": 1783285863.9978783,
  "EUR/USD_breakout_down": 1783301139.5310953,
  "GBP/USD_breakout_down": 1783303279.1722674,
  "USD/JPY_ma_bullish": 1783266350.9739308,
  "GBP/USD_rsi_oversold": 1783260663.9997387,
  "EUR/USD_rsi_oversold": 1783277148.7616432,
  "INFY.NS_rsi_oversold": 1782896148.876377,
  "INFY.NS_ma_bearish": 1783068946.928035,
  "INFY.NS_breakout_down": 1783309550.7438238,
  "TCS.NS_breakout_down": 1783309550.3683195,
  "RELIANCE.NS_breakout_down": 1782972088.5563407,
  "TCS.NS_rsi_oversold": 1782963655.0770402,
  "TCS.NS_ma_bearish": 1783069860.1310596,
  "HDFCBANK.NS_breakout_down": 1783071662.107813,
  "HDFCBANK.NS_ma_bullish": 1783309551.3452413,
  "RELIANCE.NS_ma_bullish": 1783309265.1102107,
  "EUR/USD_ma_bullish": 1783300861.3326874,
  "HDFCBANK.NS_breakout_up": 1783309551.5942109,
  "RELIANCE.NS_ma_bearish": 1783068061.1885023,
  "HDFCBANK.NS_ma_bearish": 1783068061.9924304,
  "RELIANCE.NS_breakout_up": 1783050660.7825005,
  "TCS.NS_ma_bullish": 1782968143.7259114,
  "USD/JPY_breakout_down": 1783251951.950031,
  "USD/JPY_rsi_oversold": 1783259457.2775683,
  "INFY.NS_rsi_overbought": 1783061747.280819,
  "INFY.NS_breakout_up": 1783050055.117845,
  "TCS.NS_breakout_up": 1783050357.368316,
  "INFY.NS_ma_bullish": 1782965456.1829696,
  "TCS.NS_rsi_overbought": 1783061456.5830274,
  "HDFCBANK.NS_rsi_overbought": 1783309551.1596262
}