{
  "RELIANCE.NS_rsi_oversold": 1782792653.040741,
  "ETH-USD_ma_bullish": 1783333877.5454178,
  "GBP/USD_ma_bearish": 1783332954.048648,
  "USD/JPY_breakout_up": 1783331743.0649452,
  "GBP/USD_rsi_overbought": 1783279259.6157796,
  "GBP/USD_breakout_up": 1783279259.9540095,
  "USD/JPY_rsi_overbought": 1783333877.980257,
  "ETH-USD_breakout_down": 1783339351.8600533,
  "EUR/USD_breakout_up": 1783278951.643745,
  "BTC-USD_breakout_down": 1783339351.2755034,
  "BTC-USD_rsi_oversold": 1783339350.7602415,
  "EUR/USD_rsi_overbought": 1783278951.0529377,
  "ETH-USD_ma_bearish": 1783339351.5912373,
  "BTC-USD_ma_bullish": 1783334146.4489713,
  "BTC-USD_breakout_up": 1783324925.9074233,
  "ETH-USD_breakout_up": 1783334146.717599,
  "ETH-USD_rsi_overbought": 1783289753.9447844,
  "BTC-USD_rsi_overbought": 1783292488.1688952,
  "BTC-USD_ma_bearish": 1783327862.313478,
  "EUR/USD_ma_bearish": 1783288541.1784723,
  "USD/JPY_ma_bearish": 1783284939.643209,
  "GBP/USD_ma_bullish": 1783335343.9784539,
  "ETH-USD_rsi_oversold": 1783330542.0999224,
  "EUR/USD_breakout_down": 1783331742.4822252,
  "GBP/USD_breakout_down": 1783319145.0119965,
  "USD/JPY_ma_bullish": 1783266350.9739308,
  "GBP/USD_rsi_oversold": 1783260663.9997387,
  "EUR/USD_rsi_oversold": 1783332342.6607463,
  "INFY.NS_rsi_oversold": 1782896148.876377,
  "INFY.NS_ma_bearish": 1783068946.928035,
  "INFY.NS_breakout_down": 1783316462.452659,
  "TCS.NS_breakout_down": 1783329358.4578419,
  "RELIANCE.NS_breakout_down": 1783309858.410582,
  "TCS.NS_rsi_oversold": 1783312269.9176414,
  "TCS.NS_ma_bearish": 1783069860.1310596,
  "HDFCBANK.NS_breakout_down": 1783071662.107813,
  "HDFCBANK.NS_ma_bullish": 1783310140.7673495,
  "RELIANCE.NS_ma_bullish": 1783315541.6115804,
  "EUR/USD_ma_bullish": 1783300861.3326874,
  "HDFCBANK.NS_breakout_up": 1783323080.1011448,
  "RELIANCE.NS_ma_bearish": 1783331154.7048578,
  "HDFCBANK.NS_ma_bearish": 1783068061.9924304,
  "RELIANCE.NS_breakout_up": 1783314089.1859765,
  "TCS.NS_ma_bullish": 1782968143.7259114,
  "USD/JPY_breakout_down": 1783251951.950031,
  "USD/JPY_rsi_oversold": 1783259457.2775683,
  "INFY.NS_rsi_overbought": 1783061747.280819,
  "INFY.NS_breakout_up": 1783338064.7329018,
  "TCS.NS_breakout_up": 1783050357.368316,
  "INFY.NS_ma_bullish": 1783330866.2485664,
  "TCS.NS_rsi_overbought": 1783061456.5830274,
  "HDFCBANK.NS_rsi_overbought": 1783329073.5802445,
  "RELIANCE.NS_rsi_overbought": 1783319145.7075825
}