{
  "RELIANCE.NS_rsi_oversold": 1783567541.2027807,
  "ETH-USD_ma_bullish": 1783647349.7467246,
  "GBP/USD_ma_bearish": 1783630541.8819075,
  "USD/JPY_breakout_up": 1783594552.0590792,
  "GBP/USD_rsi_overbought": 1783646471.9454553,
  "GBP/USD_breakout_up": 1783648544.9604385,
  "USD/JPY_rsi_overbought": 1783523149.5752103,
  "ETH-USD_breakout_down": 1783639268.7800295,
  "EUR/USD_breakout_up": 1783648544.7252104,
  "BTC-USD_breakout_down": 1783643746.2022202,
  "BTC-USD_rsi_oversold": 1783499144.1641386,
  "EUR/USD_rsi_overbought": 1783646471.4367082,
  "ETH-USD_ma_bearish": 1783639268.603089,
  "BTC-USD_ma_bullish": 1783647349.5499613,
  "BTC-USD_breakout_up": 1783648544.1344178,
  "ETH-USD_breakout_up": 1783576900.984825,
  "ETH-USD_rsi_overbought": 1783648544.3821917,
  "BTC-USD_rsi_overbought": 1783648543.8441026,
  "BTC-USD_ma_bearish": 1783638952.0521052,
  "EUR/USD_ma_bearish": 1783622752.963702,
  "USD/JPY_ma_bearish": 1783604760.058881,
  "GBP/USD_ma_bullish": 1783610158.4501863,
  "ETH-USD_rsi_oversold": 1783594550.7116258,
  "EUR/USD_breakout_down": 1783625742.9686637,
  "GBP/USD_breakout_down": 1783594551.7942612,
  "USD/JPY_ma_bullish": 1783626355.9364915,
  "GBP/USD_rsi_oversold": 1783502150.9215796,
  "EUR/USD_rsi_oversold": 1783452087.8457,
  "INFY.NS_rsi_oversold": 1783568740.7778518,
  "INFY.NS_ma_bearish": 1783501876.296733,
  "INFY.NS_breakout_down": 1783568740.9375906,
  "TCS.NS_breakout_down": 1783568740.4117315,
  "RELIANCE.NS_breakout_down": 1783588285.1531568,
  "TCS.NS_rsi_oversold": 1783572348.496318,
  "TCS.NS_ma_bearish": 1783414543.756188,
  "HDFCBANK.NS_breakout_down": 1783502752.4836931,
  "HDFCBANK.NS_ma_bullish": 1783577473.892953,
  "RELIANCE.NS_ma_bullish": 1783574741.3073266,
  "EUR/USD_ma_bullish": 1783603879.0239778,
  "HDFCBANK.NS_breakout_up": 1783582890.8297265,
  "RELIANCE.NS_ma_bearish": 1783588285.0074513,
  "HDFCBANK.NS_ma_bearish": 1783412744.6811852,
  "RELIANCE.NS_breakout_up": 1783395952.011013,
  "TCS.NS_ma_bullish": 1783583758.290045,
  "USD/JPY_breakout_down": 1783648545.4388127,
  "USD/JPY_rsi_oversold": 1783648545.2467372,
  "INFY.NS_rsi_overbought": 1783407345.0181308,
  "INFY.NS_breakout_up": 1783405542.176799,
  "TCS.NS_breakout_up": 1783399870.6809337,
  "INFY.NS_ma_bullish": 1783584144.0574884,
  "TCS.NS_rsi_overbought": 1783402864.1512725,
  "HDFCBANK.NS_rsi_overbought": 1783403154.3971727,
  "RELIANCE.NS_rsi_overbought": 1783319145.7075825,
  "HDFCBANK.NS_rsi_oversold": 1783564291.8806932
}