{
  "RELIANCE.NS_rsi_oversold": 1783567541.2027807,
  "ETH-USD_ma_bullish": 1784340084.9361587,
  "GBP/USD_ma_bearish": 1784324756.218982,
  "USD/JPY_breakout_up": 1784304348.0957384,
  "GBP/USD_rsi_overbought": 1784141157.47603,
  "GBP/USD_breakout_up": 1784307064.1023016,
  "USD/JPY_rsi_overbought": 1784222464.544362,
  "ETH-USD_breakout_down": 1784337050.7382987,
  "EUR/USD_breakout_up": 1784299861.8833473,
  "BTC-USD_breakout_down": 1784327477.186767,
  "BTC-USD_rsi_oversold": 1784293860.1082468,
  "EUR/USD_rsi_overbought": 1784143897.5209396,
  "ETH-USD_ma_bearish": 1784350552.9754546,
  "BTC-USD_ma_bullish": 1784348198.402764,
  "BTC-USD_breakout_up": 1784342141.5414755,
  "ETH-USD_breakout_up": 1784282746.1707804,
  "ETH-USD_rsi_overbought": 1784308258.1910832,
  "BTC-USD_rsi_overbought": 1784314545.2901402,
  "BTC-USD_ma_bearish": 1784350552.7371268,
  "EUR/USD_ma_bearish": 1784335552.7929058,
  "USD/JPY_ma_bearish": 1784333751.9165323,
  "GBP/USD_ma_bullish": 1784339153.3365202,
  "ETH-USD_rsi_oversold": 1784293860.4562395,
  "EUR/USD_breakout_down": 1784283944.166174,
  "GBP/USD_breakout_down": 1784284547.8158875,
  "USD/JPY_ma_bullish": 1784298678.2237473,
  "GBP/USD_rsi_oversold": 1784293282.945687,
  "EUR/USD_rsi_oversold": 1784221550.6009843,
  "INFY.NS_rsi_oversold": 1784087151.5208836,
  "INFY.NS_ma_bearish": 1784281261.202661,
  "INFY.NS_breakout_down": 1784350283.6267247,
  "TCS.NS_breakout_down": 1784195482.2414348,
  "RELIANCE.NS_breakout_down": 1784194550.2471194,
  "TCS.NS_rsi_oversold": 1783572348.496318,
  "TCS.NS_ma_bearish": 1784193946.6303132,
  "HDFCBANK.NS_breakout_down": 1784187678.7719443,
  "HDFCBANK.NS_ma_bullish": 1784263267.4138298,
  "RELIANCE.NS_ma_bullish": 1784262346.9868681,
  "EUR/USD_ma_bullish": 1784349952.0035257,
  "HDFCBANK.NS_breakout_up": 1784277962.8421588,
  "RELIANCE.NS_ma_bearish": 1784191281.0487132,
  "HDFCBANK.NS_ma_bearish": 1784103951.9973798,
  "RELIANCE.NS_breakout_up": 1784349952.6871383,
  "TCS.NS_ma_bullish": 1784263266.2625198,
  "USD/JPY_breakout_down": 1784234315.7967181,
  "USD/JPY_rsi_oversold": 1784271948.8754127,
  "INFY.NS_rsi_overbought": 1784259954.9706066,
  "INFY.NS_breakout_up": 1784259955.4284313,
  "TCS.NS_breakout_up": 1784274658.1914942,
  "INFY.NS_ma_bullish": 1784261465.429816,
  "TCS.NS_rsi_overbought": 1784279759.2794025,
  "HDFCBANK.NS_rsi_overbought": 1784264485.0849981,
  "RELIANCE.NS_rsi_overbought": 1784262061.9913967,
  "HDFCBANK.NS_rsi_oversold": 1784020878.559113
}