{
  "RELIANCE.NS_rsi_oversold": 1782792653.040741,
  "ETH-USD_ma_bullish": 1783312858.6579723,
  "GBP/USD_ma_bearish": 1783302389.6370544,
  "USD/JPY_breakout_up": 1783314088.4123042,
  "GBP/USD_rsi_overbought": 1783279259.6157796,
  "GBP/USD_breakout_up": 1783279259.9540095,
  "USD/JPY_rsi_overbought": 1783313147.3118513,
  "ETH-USD_breakout_down": 1783315880.2297583,
  "EUR/USD_breakout_up": 1783278951.643745,
  "BTC-USD_breakout_down": 1783315879.9527903,
  "BTC-USD_rsi_oversold": 1783243870.8717384,
  "EUR/USD_rsi_overbought": 1783278951.0529377,
  "ETH-USD_ma_bearish": 1783315262.1991405,
  "BTC-USD_ma_bullish": 1783313751.1301138,
  "BTC-USD_breakout_up": 1783300260.9881628,
  "ETH-USD_breakout_up": 1783301741.9317553,
  "ETH-USD_rsi_overbought": 1783289753.9447844,
  "BTC-USD_rsi_overbought": 1783292488.1688952,
  "BTC-USD_ma_bearish": 1783315261.908834,
  "EUR/USD_ma_bearish": 1783288541.1784723,
  "USD/JPY_ma_bearish": 1783284939.643209,
  "GBP/USD_ma_bullish": 1783300568.346203,
  "ETH-USD_rsi_oversold": 1783285863.9978783,
  "EUR/USD_breakout_down": 1783301139.5310953,
  "GBP/USD_breakout_down": 1783314947.9744928,
  "USD/JPY_ma_bullish": 1783266350.9739308,
  "GBP/USD_rsi_oversold": 1783260663.9997387,
  "EUR/USD_rsi_oversold": 1783277148.7616432,
  "INFY.NS_rsi_oversold": 1782896148.876377,
  "INFY.NS_ma_bearish": 1783068946.928035,
  "INFY.NS_breakout_down": 1783309550.7438238,
  "TCS.NS_breakout_down": 1783309550.3683195,
  "RELIANCE.NS_breakout_down": 1783309858.410582,
  "TCS.NS_rsi_oversold": 1783312269.9176414,
  "TCS.NS_ma_bearish": 1783069860.1310596,
  "HDFCBANK.NS_breakout_down": 1783071662.107813,
  "HDFCBANK.NS_ma_bullish": 1783310140.7673495,
  "RELIANCE.NS_ma_bullish": 1783315541.6115804,
  "EUR/USD_ma_bullish": 1783300861.3326874,
  "HDFCBANK.NS_breakout_up": 1783315263.4717212,
  "RELIANCE.NS_ma_bearish": 1783310140.1942627,
  "HDFCBANK.NS_ma_bearish": 1783068061.9924304,
  "RELIANCE.NS_breakout_up": 1783314089.1859765,
  "TCS.NS_ma_bullish": 1782968143.7259114,
  "USD/JPY_breakout_down": 1783251951.950031,
  "USD/JPY_rsi_oversold": 1783259457.2775683,
  "INFY.NS_rsi_overbought": 1783061747.280819,
  "INFY.NS_breakout_up": 1783050055.117845,
  "TCS.NS_breakout_up": 1783050357.368316,
  "INFY.NS_ma_bullish": 1782965456.1829696,
  "TCS.NS_rsi_overbought": 1783061456.5830274,
  "HDFCBANK.NS_rsi_overbought": 1783313753.2423532,
  "RELIANCE.NS_rsi_overbought": 1783315541.374543
}