{
  "RELIANCE.NS_rsi_oversold": 1782792653.040741,
  "ETH-USD_ma_bullish": 1782870657.6930988,
  "GBP/USD_ma_bearish": 1782848746.639343,
  "USD/JPY_breakout_up": 1782874875.3400927,
  "GBP/USD_rsi_overbought": 1782831687.3974707,
  "GBP/USD_breakout_up": 1782829543.0150697,
  "USD/JPY_rsi_overbought": 1782836151.294712,
  "ETH-USD_breakout_down": 1782868553.1973202,
  "EUR/USD_breakout_up": 1782829542.655084,
  "BTC-USD_breakout_down": 1782865541.5390844,
  "BTC-USD_rsi_oversold": 1782868552.737757,
  "EUR/USD_rsi_overbought": 1782831347.9756277,
  "ETH-USD_ma_bearish": 1782868553.021249,
  "BTC-USD_ma_bullish": 1782879054.8909652,
  "BTC-USD_breakout_up": 1782881149.8844764,
  "ETH-USD_breakout_up": 1782877257.1062567,
  "ETH-USD_rsi_overbought": 1782873953.4946578,
  "BTC-USD_rsi_overbought": 1782753652.6492076,
  "BTC-USD_ma_bearish": 1782877554.0497022,
  "EUR/USD_ma_bearish": 1782812748.3507314,
  "USD/JPY_ma_bearish": 1782852348.2500212,
  "GBP/USD_ma_bullish": 1782851473.2989008,
  "ETH-USD_rsi_oversold": 1782821454.1829574,
  "EUR/USD_breakout_down": 1782877554.6075273,
  "GBP/USD_breakout_down": 1782877554.9507318,
  "USD/JPY_ma_bullish": 1782780351.4124947,
  "GBP/USD_rsi_oversold": 1782871859.4458568,
  "EUR/USD_rsi_oversold": 1782799279.8891492,
  "INFY.NS_rsi_oversold": 1782809455.126099,
  "INFY.NS_ma_bearish": 1782791743.5318925,
  "INFY.NS_breakout_down": 1782809455.3072274,
  "TCS.NS_breakout_down": 1782808545.6774125,
  "RELIANCE.NS_breakout_down": 1782792344.4067705,
  "TCS.NS_rsi_oversold": 1782809454.7760844,
  "TCS.NS_ma_bearish": 1782792653.5662246,
  "HDFCBANK.NS_breakout_down": 1782793254.6404905,
  "HDFCBANK.NS_ma_bullish": 1782800744.8289146,
  "RELIANCE.NS_ma_bullish": 1782879944.850055,
  "EUR/USD_ma_bullish": 1782821747.7127485,
  "HDFCBANK.NS_breakout_up": 1782810655.862928,
  "RELIANCE.NS_ma_bearish": 1782811540.3759377,
  "HDFCBANK.NS_ma_bearish": 1782879945.8108265,
  "RELIANCE.NS_breakout_up": 1782879945.0351274
}