{
  "RELIANCE.NS_rsi_oversold": 1782723064.3908565,
  "ETH-USD_ma_bullish": 1782726992.7948394,
  "GBP/USD_ma_bearish": 1782726994.048853,
  "USD/JPY_breakout_up": 1782739675.291934
}