{
  "RELIANCE.NS_rsi_oversold": 1783567541.2027807,
  "ETH-USD_ma_bullish": 1783725669.241001,
  "GBP/USD_ma_bearish": 1783729887.849519,
  "USD/JPY_breakout_up": 1783683673.7490394,
  "GBP/USD_rsi_overbought": 1783653951.776208,
  "GBP/USD_breakout_up": 1783648544.9604385,
  "USD/JPY_rsi_overbought": 1783523149.5752103,
  "ETH-USD_breakout_down": 1783729270.7373257,
  "EUR/USD_breakout_up": 1783648544.7252104,
  "BTC-USD_breakout_down": 1783709747.7869573,
  "BTC-USD_rsi_oversold": 1783499144.1641386,
  "EUR/USD_rsi_overbought": 1783654279.3113604,
  "ETH-USD_ma_bearish": 1783729538.8675601,
  "BTC-USD_ma_bullish": 1783718471.4591057,
  "BTC-USD_breakout_up": 1783722944.0444036,
  "ETH-USD_breakout_up": 1783725669.395889,
  "ETH-USD_rsi_overbought": 1783691741.885445,
  "BTC-USD_rsi_overbought": 1783675890.2972286,
  "BTC-USD_ma_bearish": 1783729538.662495,
  "EUR/USD_ma_bearish": 1783730141.2006073,
  "USD/JPY_ma_bearish": 1783693883.5666983,
  "GBP/USD_ma_bullish": 1783702568.1834316,
  "ETH-USD_rsi_oversold": 1783594550.7116258,
  "EUR/USD_breakout_down": 1783708881.4359777,
  "GBP/USD_breakout_down": 1783708881.9838302,
  "USD/JPY_ma_bullish": 1783710093.648513,
  "GBP/USD_rsi_oversold": 1783708881.7743332,
  "EUR/USD_rsi_oversold": 1783677343.2685146,
  "INFY.NS_rsi_oversold": 1783568740.7778518,
  "INFY.NS_ma_bearish": 1783675544.264353,
  "INFY.NS_breakout_down": 1783568740.9375906,
  "TCS.NS_breakout_down": 1783568740.4117315,
  "RELIANCE.NS_breakout_down": 1783588285.1531568,
  "TCS.NS_rsi_oversold": 1783572348.496318,
  "TCS.NS_ma_bearish": 1783670744.2248492,
  "HDFCBANK.NS_breakout_down": 1783502752.4836931,
  "HDFCBANK.NS_ma_bullish": 1783577473.892953,
  "RELIANCE.NS_ma_bullish": 1783658472.757465,
  "EUR/USD_ma_bullish": 1783700150.8563209,
  "HDFCBANK.NS_breakout_up": 1783660872.6845577,
  "RELIANCE.NS_ma_bearish": 1783588285.0074513,
  "HDFCBANK.NS_ma_bearish": 1783412744.6811852,
  "RELIANCE.NS_breakout_up": 1783729888.4129393,
  "TCS.NS_ma_bullish": 1783583758.290045,
  "USD/JPY_breakout_down": 1783696873.1398454,
  "USD/JPY_rsi_oversold": 1783698073.118094,
  "INFY.NS_rsi_overbought": 1783655151.567533,
  "INFY.NS_breakout_up": 1783655151.8382857,
  "TCS.NS_breakout_up": 1783655151.1585073,
  "INFY.NS_ma_bullish": 1783584144.0574884,
  "TCS.NS_rsi_overbought": 1783655150.9388764,
  "HDFCBANK.NS_rsi_overbought": 1783403154.3971727,
  "RELIANCE.NS_rsi_overbought": 1783319145.7075825,
  "HDFCBANK.NS_rsi_oversold": 1783564291.8806932
}