{
  "RELIANCE.NS_rsi_oversold": 1783567541.2027807,
  "ETH-USD_ma_bullish": 1784458009.3077188,
  "GBP/USD_ma_bearish": 1784461551.831557,
  "USD/JPY_breakout_up": 1784461552.5372121,
  "GBP/USD_rsi_overbought": 1784141157.47603,
  "GBP/USD_breakout_up": 1784390541.535472,
  "USD/JPY_rsi_overbought": 1784461552.3233984,
  "ETH-USD_breakout_down": 1784421123.0180318,
  "EUR/USD_breakout_up": 1784299861.8833473,
  "BTC-USD_breakout_down": 1784462146.0900297,
  "BTC-USD_rsi_oversold": 1784453202.4137917,
  "EUR/USD_rsi_overbought": 1784391659.1191537,
  "ETH-USD_ma_bearish": 1784454148.929648,
  "BTC-USD_ma_bullish": 1784458009.0200832,
  "BTC-USD_breakout_up": 1784447193.4361925,
  "ETH-USD_breakout_up": 1784442346.8924997,
  "ETH-USD_rsi_overbought": 1784460346.9384935,
  "BTC-USD_rsi_overbought": 1784427055.6688688,
  "BTC-USD_ma_bearish": 1784460943.4408386,
  "EUR/USD_ma_bearish": 1784460672.1935089,
  "USD/JPY_ma_bearish": 1784447761.6629357,
  "GBP/USD_ma_bullish": 1784451429.9680884,
  "ETH-USD_rsi_oversold": 1784293860.4562395,
  "EUR/USD_breakout_down": 1784461551.5080585,
  "GBP/USD_breakout_down": 1784461552.035616,
  "USD/JPY_ma_bullish": 1784446549.1120427,
  "GBP/USD_rsi_oversold": 1784293282.945687,
  "EUR/USD_rsi_oversold": 1784461551.289131,
  "INFY.NS_rsi_oversold": 1784087151.5208836,
  "INFY.NS_ma_bearish": 1784281261.202661,
  "INFY.NS_breakout_down": 1784460348.992231,
  "TCS.NS_breakout_down": 1784195482.2414348,
  "RELIANCE.NS_breakout_down": 1784194550.2471194,
  "TCS.NS_rsi_oversold": 1783572348.496318,
  "TCS.NS_ma_bearish": 1784193946.6303132,
  "HDFCBANK.NS_breakout_down": 1784187678.7719443,
  "HDFCBANK.NS_ma_bullish": 1784263267.4138298,
  "RELIANCE.NS_ma_bullish": 1784262346.9868681,
  "EUR/USD_ma_bullish": 1784437890.9901845,
  "HDFCBANK.NS_breakout_up": 1784277962.8421588,
  "RELIANCE.NS_ma_bearish": 1784191281.0487132,
  "HDFCBANK.NS_ma_bearish": 1784103951.9973798,
  "RELIANCE.NS_breakout_up": 1784458949.7412574,
  "TCS.NS_ma_bullish": 1784263266.2625198,
  "USD/JPY_breakout_down": 1784234315.7967181,
  "USD/JPY_rsi_oversold": 1784271948.8754127,
  "INFY.NS_rsi_overbought": 1784259954.9706066,
  "INFY.NS_breakout_up": 1784259955.4284313,
  "TCS.NS_breakout_up": 1784274658.1914942,
  "INFY.NS_ma_bullish": 1784261465.429816,
  "TCS.NS_rsi_overbought": 1784279759.2794025,
  "HDFCBANK.NS_rsi_overbought": 1784264485.0849981,
  "RELIANCE.NS_rsi_overbought": 1784262061.9913967,
  "HDFCBANK.NS_rsi_oversold": 1784020878.559113
}