{
  "RELIANCE.NS_rsi_oversold": 1783567541.2027807,
  "ETH-USD_ma_bullish": 1784104541.5080502,
  "GBP/USD_ma_bearish": 1784105153.119073,
  "USD/JPY_breakout_up": 1784100346.3722174,
  "GBP/USD_rsi_overbought": 1784096153.5351639,
  "GBP/USD_breakout_up": 1784094348.0928001,
  "USD/JPY_rsi_overbought": 1783966877.3098445,
  "ETH-USD_breakout_down": 1784100345.9822876,
  "EUR/USD_breakout_up": 1784094675.1013107,
  "BTC-USD_breakout_down": 1784082684.6630383,
  "BTC-USD_rsi_oversold": 1784082684.4744225,
  "EUR/USD_rsi_overbought": 1784035906.2179005,
  "ETH-USD_ma_bearish": 1784099751.8077066,
  "BTC-USD_ma_bullish": 1784105152.6761477,
  "BTC-USD_breakout_up": 1784095299.2223547,
  "ETH-USD_breakout_up": 1784106346.055944,
  "ETH-USD_rsi_overbought": 1784095879.0009654,
  "BTC-USD_rsi_overbought": 1784097345.9737186,
  "BTC-USD_ma_bearish": 1784099751.5066817,
  "EUR/USD_ma_bearish": 1784099752.3121786,
  "USD/JPY_ma_bearish": 1784075146.0857544,
  "GBP/USD_ma_bullish": 1784094347.8293793,
  "ETH-USD_rsi_oversold": 1784080275.0703964,
  "EUR/USD_breakout_down": 1784098896.6244764,
  "GBP/USD_breakout_down": 1784103356.2156634,
  "USD/JPY_ma_bullish": 1784089892.1319115,
  "GBP/USD_rsi_oversold": 1783974081.944633,
  "EUR/USD_rsi_oversold": 1783974702.1610115,
  "INFY.NS_rsi_oversold": 1784087151.5208836,
  "INFY.NS_ma_bearish": 1784004079.234755,
  "INFY.NS_breakout_down": 1784087151.668401,
  "TCS.NS_breakout_down": 1784087151.190859,
  "RELIANCE.NS_breakout_down": 1784021145.044463,
  "TCS.NS_rsi_oversold": 1783572348.496318,
  "TCS.NS_ma_bearish": 1784103681.3180256,
  "HDFCBANK.NS_breakout_down": 1784020878.7510536,
  "HDFCBANK.NS_ma_bullish": 1784090478.264729,
  "RELIANCE.NS_ma_bullish": 1784092275.793683,
  "EUR/USD_ma_bullish": 1784074553.842702,
  "HDFCBANK.NS_breakout_up": 1784098279.4466517,
  "RELIANCE.NS_ma_bearish": 1784103950.7736013,
  "HDFCBANK.NS_ma_bearish": 1784103951.9973798,
  "RELIANCE.NS_breakout_up": 1784006154.970257,
  "TCS.NS_ma_bullish": 1784103087.2186012,
  "USD/JPY_breakout_down": 1784077880.435072,
  "USD/JPY_rsi_oversold": 1784032548.2277782,
  "INFY.NS_rsi_overbought": 1783929082.7339957,
  "INFY.NS_breakout_up": 1783928148.3662183,
  "TCS.NS_breakout_up": 1784001078.7369103,
  "INFY.NS_ma_bullish": 1783921280.3749838,
  "TCS.NS_rsi_overbought": 1784000754.6956558,
  "HDFCBANK.NS_rsi_overbought": 1783403154.3971727,
  "RELIANCE.NS_rsi_overbought": 1784007096.8920748,
  "HDFCBANK.NS_rsi_oversold": 1784020878.559113
}