{
  "RELIANCE.NS_rsi_oversold": 1784774150.9997594,
  "ETH-USD_ma_bullish": 1784765756.377953,
  "GBP/USD_ma_bearish": 1784739350.8961616,
  "USD/JPY_breakout_up": 1784741143.363065,
  "GBP/USD_rsi_overbought": 1784775680.995852,
  "GBP/USD_breakout_up": 1784774149.8866007,
  "USD/JPY_rsi_overbought": 1784665258.5185928,
  "ETH-USD_breakout_down": 1784770857.1530092,
  "EUR/USD_breakout_up": 1784774149.3171647,
  "BTC-USD_breakout_down": 1784776552.690396,
  "BTC-USD_rsi_oversold": 1784706058.1141558,
  "EUR/USD_rsi_overbought": 1784774149.0344934,
  "ETH-USD_ma_bearish": 1784769655.023242,
  "BTC-USD_ma_bullish": 1784765148.4396613,
  "BTC-USD_breakout_up": 1784764892.5730338,
  "ETH-USD_breakout_up": 1784756472.1301656,
  "ETH-USD_rsi_overbought": 1784757278.710779,
  "BTC-USD_rsi_overbought": 1784766345.6834862,
  "BTC-USD_ma_bearish": 1784769654.5483153,
  "EUR/USD_ma_bearish": 1784738757.55446,
  "USD/JPY_ma_bearish": 1784757279.3869858,
  "GBP/USD_ma_bullish": 1784752273.6513643,
  "ETH-USD_rsi_oversold": 1784701549.6677125,
  "EUR/USD_breakout_down": 1784714745.5885007,
  "GBP/USD_breakout_down": 1784724658.797886,
  "USD/JPY_ma_bullish": 1784720756.0478969,
  "GBP/USD_rsi_oversold": 1784639760.055833,
  "EUR/USD_rsi_oversold": 1784641254.1401308,
  "INFY.NS_rsi_oversold": 1784707860.3982353,
  "INFY.NS_ma_bearish": 1784281261.202661,
  "INFY.NS_breakout_down": 1784703353.8968246,
  "TCS.NS_breakout_down": 1784691969.09788,
  "RELIANCE.NS_breakout_down": 1784774151.6010005,
  "TCS.NS_rsi_oversold": 1784695852.948757,
  "TCS.NS_ma_bearish": 1784540457.6741776,
  "HDFCBANK.NS_breakout_down": 1784703058.89312,
  "HDFCBANK.NS_ma_bullish": 1784263267.4138298,
  "RELIANCE.NS_ma_bullish": 1784712352.2550647,
  "EUR/USD_ma_bullish": 1784767551.8663833,
  "HDFCBANK.NS_breakout_up": 1784277962.8421588,
  "RELIANCE.NS_ma_bearish": 1784777151.0961223,
  "HDFCBANK.NS_ma_bearish": 1784519750.213555,
  "RELIANCE.NS_breakout_up": 1784519152.9818432,
  "TCS.NS_ma_bullish": 1784704867.6799865,
  "USD/JPY_breakout_down": 1784768488.8832974,
  "USD/JPY_rsi_oversold": 1784770857.5872972,
  "INFY.NS_rsi_overbought": 1784259954.9706066,
  "INFY.NS_breakout_up": 1784259955.4284313,
  "TCS.NS_breakout_up": 1784519153.257702,
  "INFY.NS_ma_bullish": 1784261465.429816,
  "TCS.NS_rsi_overbought": 1784279759.2794025,
  "HDFCBANK.NS_rsi_overbought": 1784264485.0849981,
  "RELIANCE.NS_rsi_overbought": 1784519152.724388,
  "HDFCBANK.NS_rsi_oversold": 1784708749.1541862
}