{
  "RELIANCE.NS_rsi_oversold": 1784703352.9641016,
  "ETH-USD_ma_bullish": 1784692884.6635249,
  "GBP/USD_ma_bearish": 1784696484.3570502,
  "USD/JPY_breakout_up": 1784657460.0366,
  "GBP/USD_rsi_overbought": 1784616433.7041962,
  "GBP/USD_breakout_up": 1784700352.1413498,
  "USD/JPY_rsi_overbought": 1784665258.5185928,
  "ETH-USD_breakout_down": 1784701549.9209607,
  "EUR/USD_breakout_up": 1784700351.7845666,
  "BTC-USD_breakout_down": 1784697948.286541,
  "BTC-USD_rsi_oversold": 1784701549.317511,
  "EUR/USD_rsi_overbought": 1784618745.8570044,
  "ETH-USD_ma_bearish": 1784697948.9525723,
  "BTC-USD_ma_bullish": 1784694055.7298317,
  "BTC-USD_breakout_up": 1784677255.912694,
  "ETH-USD_breakout_up": 1784677854.0718684,
  "ETH-USD_rsi_overbought": 1784679058.2153533,
  "BTC-USD_rsi_overbought": 1784678144.1309276,
  "BTC-USD_ma_bearish": 1784697948.089712,
  "EUR/USD_ma_bearish": 1784634943.650169,
  "USD/JPY_ma_bearish": 1784701875.724556,
  "GBP/USD_ma_bullish": 1784681151.7194853,
  "ETH-USD_rsi_oversold": 1784701549.6677125,
  "EUR/USD_breakout_down": 1784657459.1033669,
  "GBP/USD_breakout_down": 1784701875.326198,
  "USD/JPY_ma_bullish": 1784696484.7780094,
  "GBP/USD_rsi_oversold": 1784639760.055833,
  "EUR/USD_rsi_oversold": 1784641254.1401308,
  "INFY.NS_rsi_oversold": 1784703945.2974646,
  "INFY.NS_ma_bearish": 1784281261.202661,
  "INFY.NS_breakout_down": 1784703353.8968246,
  "TCS.NS_breakout_down": 1784691969.09788,
  "RELIANCE.NS_breakout_down": 1784695852.691246,
  "TCS.NS_rsi_oversold": 1784695852.948757,
  "TCS.NS_ma_bearish": 1784540457.6741776,
  "HDFCBANK.NS_breakout_down": 1784703058.89312,
  "HDFCBANK.NS_ma_bullish": 1784263267.4138298,
  "RELIANCE.NS_ma_bullish": 1784262346.9868681,
  "EUR/USD_ma_bullish": 1784680273.6255083,
  "HDFCBANK.NS_breakout_up": 1784277962.8421588,
  "RELIANCE.NS_ma_bearish": 1784535948.9494376,
  "HDFCBANK.NS_ma_bearish": 1784519750.213555,
  "RELIANCE.NS_breakout_up": 1784519152.9818432,
  "TCS.NS_ma_bullish": 1784539546.448807,
  "USD/JPY_breakout_down": 1784679354.70282,
  "USD/JPY_rsi_oversold": 1784487947.4561555,
  "INFY.NS_rsi_overbought": 1784259954.9706066,
  "INFY.NS_breakout_up": 1784259955.4284313,
  "TCS.NS_breakout_up": 1784519153.257702,
  "INFY.NS_ma_bullish": 1784261465.429816,
  "TCS.NS_rsi_overbought": 1784279759.2794025,
  "HDFCBANK.NS_rsi_overbought": 1784264485.0849981,
  "RELIANCE.NS_rsi_overbought": 1784519152.724388,
  "HDFCBANK.NS_rsi_oversold": 1784703354.4705892
}