{
  "RELIANCE.NS_breakout_down": 1782236221.8271515,
  "USD/JPY_rsi_oversold": 1782140989.571723,
  "ETHUSDT_rsi_oversold": 1782315887.3002343,
  "GBP/USD_breakout_down": 1782197258.255154,
  "TCS.NS_rsi_oversold": 1782197262.8182702,
  "INFY.NS_rsi_oversold": 1782197264.5676358,
  "TCS.NS_breakout_down": 1782198233.1614852,
  "HDFCBANK.NS_breakout_down": 1782236224.6406772,
  "RELIANCE.NS_rsi_oversold": 1782236220.7758622,
  "HDFCBANK.NS_rsi_oversold": 1782236223.256473,
  "USD/JPY_breakout_up": 1782282339.205069,
  "BTCUSDT_rsi_oversold": 1782315030.3470705,
  "EUR/USD_breakout_up": 1782315030.7595234,
  "BTCUSDT_breakout_down": 1782315032.4915044,
  "ETHUSDT_breakout_down": 1782315233.2658088
}