{
  "RELIANCE.NS_rsi_oversold": 1783567541.2027807,
  "ETH-USD_ma_bullish": 1783801736.7768514,
  "GBP/USD_ma_bearish": 1783791094.7022743,
  "USD/JPY_breakout_up": 1783790151.2062638,
  "GBP/USD_rsi_overbought": 1783653951.776208,
  "GBP/USD_breakout_up": 1783766750.3747096,
  "USD/JPY_rsi_overbought": 1783790150.8262818,
  "ETH-USD_breakout_down": 1783812418.9471488,
  "EUR/USD_breakout_up": 1783648544.7252104,
  "BTC-USD_breakout_down": 1783812418.3727636,
  "BTC-USD_rsi_oversold": 1783812418.1051838,
  "EUR/USD_rsi_overbought": 1783654279.3113604,
  "ETH-USD_ma_bearish": 1783806672.1862676,
  "BTC-USD_ma_bullish": 1783801545.400935,
  "BTC-USD_breakout_up": 1783791093.845567,
  "ETH-USD_breakout_up": 1783802754.435244,
  "ETH-USD_rsi_overbought": 1783780874.9081903,
  "BTC-USD_rsi_overbought": 1783780289.1220458,
  "BTC-USD_ma_bearish": 1783806941.9360101,
  "EUR/USD_ma_bearish": 1783791094.314322,
  "USD/JPY_ma_bearish": 1783797943.7978714,
  "GBP/USD_ma_bullish": 1783799743.845016,
  "ETH-USD_rsi_oversold": 1783812418.679513,
  "EUR/USD_breakout_down": 1783790150.0447962,
  "GBP/USD_breakout_down": 1783790150.5153158,
  "USD/JPY_ma_bullish": 1783790151.00742,
  "GBP/USD_rsi_oversold": 1783790150.3210409,
  "EUR/USD_rsi_oversold": 1783677343.2685146,
  "INFY.NS_rsi_oversold": 1783568740.7778518,
  "INFY.NS_ma_bearish": 1783675544.264353,
  "INFY.NS_breakout_down": 1783568740.9375906,
  "TCS.NS_breakout_down": 1783568740.4117315,
  "RELIANCE.NS_breakout_down": 1783588285.1531568,
  "TCS.NS_rsi_oversold": 1783572348.496318,
  "TCS.NS_ma_bearish": 1783670744.2248492,
  "HDFCBANK.NS_breakout_down": 1783502752.4836931,
  "HDFCBANK.NS_ma_bullish": 1783577473.892953,
  "RELIANCE.NS_ma_bullish": 1783658472.757465,
  "EUR/USD_ma_bullish": 1783799150.9725342,
  "HDFCBANK.NS_breakout_up": 1783660872.6845577,
  "RELIANCE.NS_ma_bearish": 1783588285.0074513,
  "HDFCBANK.NS_ma_bearish": 1783412744.6811852,
  "RELIANCE.NS_breakout_up": 1783809119.3276684,
  "TCS.NS_ma_bullish": 1783583758.290045,
  "USD/JPY_breakout_down": 1783696873.1398454,
  "USD/JPY_rsi_oversold": 1783698073.118094,
  "INFY.NS_rsi_overbought": 1783655151.567533,
  "INFY.NS_breakout_up": 1783655151.8382857,
  "TCS.NS_breakout_up": 1783655151.1585073,
  "INFY.NS_ma_bullish": 1783584144.0574884,
  "TCS.NS_rsi_overbought": 1783655150.9388764,
  "HDFCBANK.NS_rsi_overbought": 1783403154.3971727,
  "RELIANCE.NS_rsi_overbought": 1783319145.7075825,
  "HDFCBANK.NS_rsi_oversold": 1783564291.8806932
}