{
  "RELIANCE.NS_rsi_oversold": 1782792653.040741,
  "ETH-USD_ma_bullish": 1782835854.8986475,
  "GBP/USD_ma_bearish": 1782848746.639343,
  "USD/JPY_breakout_up": 1782834352.6821656,
  "GBP/USD_rsi_overbought": 1782831687.3974707,
  "GBP/USD_breakout_up": 1782829543.0150697,
  "USD/JPY_rsi_overbought": 1782836151.294712,
  "ETH-USD_breakout_down": 1782822342.6232011,
  "EUR/USD_breakout_up": 1782829542.655084,
  "BTC-USD_breakout_down": 1782823851.8951578,
  "BTC-USD_rsi_oversold": 1782826851.793825,
  "EUR/USD_rsi_overbought": 1782831347.9756277,
  "ETH-USD_ma_bearish": 1782852066.0764184,
  "BTC-USD_ma_bullish": 1782843941.8293693,
  "BTC-USD_breakout_up": 1782848141.3217847,
  "ETH-USD_breakout_up": 1782828345.8096235,
  "ETH-USD_rsi_overbought": 1782753349.8971388,
  "BTC-USD_rsi_overbought": 1782753652.6492076,
  "BTC-USD_ma_bearish": 1782841854.835479,
  "EUR/USD_ma_bearish": 1782812748.3507314,
  "USD/JPY_ma_bearish": 1782852348.2500212,
  "GBP/USD_ma_bullish": 1782851473.2989008,
  "ETH-USD_rsi_oversold": 1782821454.1829574,
  "EUR/USD_breakout_down": 1782793542.6395457,
  "GBP/USD_breakout_down": 1782819338.453579,
  "USD/JPY_ma_bullish": 1782780351.4124947,
  "GBP/USD_rsi_oversold": 1782799281.621693,
  "EUR/USD_rsi_oversold": 1782799279.8891492,
  "INFY.NS_rsi_oversold": 1782809455.126099,
  "INFY.NS_ma_bearish": 1782791743.5318925,
  "INFY.NS_breakout_down": 1782809455.3072274,
  "TCS.NS_breakout_down": 1782808545.6774125,
  "RELIANCE.NS_breakout_down": 1782792344.4067705,
  "TCS.NS_rsi_oversold": 1782809454.7760844,
  "TCS.NS_ma_bearish": 1782792653.5662246,
  "HDFCBANK.NS_breakout_down": 1782793254.6404905,
  "HDFCBANK.NS_ma_bullish": 1782800744.8289146,
  "RELIANCE.NS_ma_bullish": 1782803452.5272422,
  "EUR/USD_ma_bullish": 1782821747.7127485,
  "HDFCBANK.NS_breakout_up": 1782810655.862928,
  "RELIANCE.NS_ma_bearish": 1782811540.3759377
}