{
  "RELIANCE.NS_rsi_oversold": 1783567541.2027807,
  "ETH-USD_ma_bullish": 1783927893.1915016,
  "GBP/USD_ma_bearish": 1783915940.8094544,
  "USD/JPY_breakout_up": 1783922143.7096825,
  "GBP/USD_rsi_overbought": 1783653951.776208,
  "GBP/USD_breakout_up": 1783924290.9929078,
  "USD/JPY_rsi_overbought": 1783922501.6356115,
  "ETH-USD_breakout_down": 1783912276.0431914,
  "EUR/USD_breakout_up": 1783928481.4371014,
  "BTC-USD_breakout_down": 1783917675.8565373,
  "BTC-USD_rsi_oversold": 1783912275.5708811,
  "EUR/USD_rsi_overbought": 1783929351.8177347,
  "ETH-USD_ma_bearish": 1783922500.9022012,
  "BTC-USD_ma_bullish": 1783922741.5059063,
  "BTC-USD_breakout_up": 1783927892.9155993,
  "ETH-USD_breakout_up": 1783927549.7415113,
  "ETH-USD_rsi_overbought": 1783901479.969484,
  "BTC-USD_rsi_overbought": 1783901775.4989128,
  "BTC-USD_ma_bearish": 1783905127.7863314,
  "EUR/USD_ma_bearish": 1783885875.952762,
  "USD/JPY_ma_bearish": 1783921552.1762176,
  "GBP/USD_ma_bullish": 1783919756.567148,
  "ETH-USD_rsi_oversold": 1783912275.846414,
  "EUR/USD_breakout_down": 1783905944.6052456,
  "GBP/USD_breakout_down": 1783865644.6786718,
  "USD/JPY_ma_bullish": 1783923354.6036627,
  "GBP/USD_rsi_oversold": 1783865644.5303245,
  "EUR/USD_rsi_oversold": 1783857365.2649033,
  "INFY.NS_rsi_oversold": 1783568740.7778518,
  "INFY.NS_ma_bearish": 1783675544.264353,
  "INFY.NS_breakout_down": 1783914984.0070372,
  "TCS.NS_breakout_down": 1783568740.4117315,
  "RELIANCE.NS_breakout_down": 1783920692.8791642,
  "TCS.NS_rsi_oversold": 1783572348.496318,
  "TCS.NS_ma_bearish": 1783670744.2248492,
  "HDFCBANK.NS_breakout_down": 1783914349.4394517,
  "HDFCBANK.NS_ma_bullish": 1783577473.892953,
  "RELIANCE.NS_ma_bullish": 1783658472.757465,
  "EUR/USD_ma_bullish": 1783917952.7202373,
  "HDFCBANK.NS_breakout_up": 1783660872.6845577,
  "RELIANCE.NS_ma_bearish": 1783921279.6240647,
  "HDFCBANK.NS_ma_bearish": 1783914984.353192,
  "RELIANCE.NS_breakout_up": 1783910751.8542736,
  "TCS.NS_ma_bullish": 1783914983.6365037,
  "USD/JPY_breakout_down": 1783696873.1398454,
  "USD/JPY_rsi_oversold": 1783698073.118094,
  "INFY.NS_rsi_overbought": 1783929082.7339957,
  "INFY.NS_breakout_up": 1783928148.3662183,
  "TCS.NS_breakout_up": 1783927550.9636867,
  "INFY.NS_ma_bullish": 1783921280.3749838,
  "TCS.NS_rsi_overbought": 1783927283.3055332,
  "HDFCBANK.NS_rsi_overbought": 1783403154.3971727,
  "RELIANCE.NS_rsi_overbought": 1783319145.7075825,
  "HDFCBANK.NS_rsi_oversold": 1783914717.5367985
}