{
  "RELIANCE.NS_rsi_oversold": 1782792653.040741,
  "ETH-USD_ma_bullish": 1783385744.3211753,
  "GBP/USD_ma_bearish": 1783397755.875812,
  "USD/JPY_breakout_up": 1783383069.4026248,
  "GBP/USD_rsi_overbought": 1783367152.5731716,
  "GBP/USD_breakout_up": 1783362942.450972,
  "USD/JPY_rsi_overbought": 1783341412.6275117,
  "ETH-USD_breakout_down": 1783395950.865232,
  "EUR/USD_breakout_up": 1783375293.895507,
  "BTC-USD_breakout_down": 1783399868.7872965,
  "BTC-USD_rsi_oversold": 1783400142.2627296,
  "EUR/USD_rsi_overbought": 1783362941.7733173,
  "ETH-USD_ma_bearish": 1783386949.1985557,
  "BTC-USD_ma_bullish": 1783385461.9076035,
  "BTC-USD_breakout_up": 1783357866.1838155,
  "ETH-USD_breakout_up": 1783352752.9349499,
  "ETH-USD_rsi_overbought": 1783372271.0504694,
  "BTC-USD_rsi_overbought": 1783372552.8042114,
  "BTC-USD_ma_bearish": 1783386948.9404008,
  "EUR/USD_ma_bearish": 1783385745.0204573,
  "USD/JPY_ma_bearish": 1783390549.9540722,
  "GBP/USD_ma_bullish": 1783395076.7476568,
  "ETH-USD_rsi_oversold": 1783399869.0897021,
  "EUR/USD_breakout_down": 1783400489.5155008,
  "GBP/USD_breakout_down": 1783319145.0119965,
  "USD/JPY_ma_bullish": 1783384279.2559695,
  "GBP/USD_rsi_oversold": 1783260663.9997387,
  "EUR/USD_rsi_oversold": 1783332342.6607463,
  "INFY.NS_rsi_oversold": 1782896148.876377,
  "INFY.NS_ma_bearish": 1783068946.928035,
  "INFY.NS_breakout_down": 1783316462.452659,
  "TCS.NS_breakout_down": 1783329358.4578419,
  "RELIANCE.NS_breakout_down": 1783309858.410582,
  "TCS.NS_rsi_oversold": 1783312269.9176414,
  "TCS.NS_ma_bearish": 1783069860.1310596,
  "HDFCBANK.NS_breakout_down": 1783071662.107813,
  "HDFCBANK.NS_ma_bullish": 1783310140.7673495,
  "RELIANCE.NS_ma_bullish": 1783315541.6115804,
  "EUR/USD_ma_bullish": 1783353071.6383262,
  "HDFCBANK.NS_breakout_up": 1783395952.967682,
  "RELIANCE.NS_ma_bearish": 1783396543.758233,
  "HDFCBANK.NS_ma_bearish": 1783068061.9924304,
  "RELIANCE.NS_breakout_up": 1783395952.011013,
  "TCS.NS_ma_bullish": 1783398349.0342734,
  "USD/JPY_breakout_down": 1783398942.0721958,
  "USD/JPY_rsi_oversold": 1783399869.759753,
  "INFY.NS_rsi_overbought": 1783399871.0430923,
  "INFY.NS_breakout_up": 1783399268.7139924,
  "TCS.NS_breakout_up": 1783399870.6809337,
  "INFY.NS_ma_bullish": 1783330866.2485664,
  "TCS.NS_rsi_overbought": 1783398682.44347,
  "HDFCBANK.NS_rsi_overbought": 1783399553.6098416,
  "RELIANCE.NS_rsi_overbought": 1783319145.7075825
}