{
  "RELIANCE.NS_rsi_oversold": 1783567541.2027807,
  "ETH-USD_ma_bullish": 1783969888.3985355,
  "GBP/USD_ma_bearish": 1783950943.2182243,
  "USD/JPY_breakout_up": 1783966877.4990144,
  "GBP/USD_rsi_overbought": 1783930881.62447,
  "GBP/USD_breakout_up": 1783930278.361318,
  "USD/JPY_rsi_overbought": 1783966877.3098445,
  "ETH-USD_breakout_down": 1783960546.740669,
  "EUR/USD_breakout_up": 1783928481.4371014,
  "BTC-USD_breakout_down": 1783964483.5670881,
  "BTC-USD_rsi_oversold": 1783964483.2072735,
  "EUR/USD_rsi_overbought": 1783929351.8177347,
  "ETH-USD_ma_bearish": 1783959352.9026618,
  "BTC-USD_ma_bullish": 1783953961.5834718,
  "BTC-USD_breakout_up": 1783956084.4593897,
  "ETH-USD_breakout_up": 1783954908.449087,
  "ETH-USD_rsi_overbought": 1783901479.969484,
  "BTC-USD_rsi_overbought": 1783932944.869204,
  "BTC-USD_ma_bearish": 1783959079.4102972,
  "EUR/USD_ma_bearish": 1783945543.852688,
  "USD/JPY_ma_bearish": 1783934151.4699464,
  "GBP/USD_ma_bullish": 1783948881.9809406,
  "ETH-USD_rsi_oversold": 1783965347.7421248,
  "EUR/USD_breakout_down": 1783960291.0327833,
  "GBP/USD_breakout_down": 1783965950.4328637,
  "USD/JPY_ma_bullish": 1783944954.8358097,
  "GBP/USD_rsi_oversold": 1783965950.2196262,
  "EUR/USD_rsi_oversold": 1783967496.183274,
  "INFY.NS_rsi_oversold": 1783568740.7778518,
  "INFY.NS_ma_bearish": 1783675544.264353,
  "INFY.NS_breakout_down": 1783914984.0070372,
  "TCS.NS_breakout_down": 1783568740.4117315,
  "RELIANCE.NS_breakout_down": 1783920692.8791642,
  "TCS.NS_rsi_oversold": 1783572348.496318,
  "TCS.NS_ma_bearish": 1783670744.2248492,
  "HDFCBANK.NS_breakout_down": 1783914349.4394517,
  "HDFCBANK.NS_ma_bullish": 1783932085.521308,
  "RELIANCE.NS_ma_bullish": 1783658472.757465,
  "EUR/USD_ma_bullish": 1783917952.7202373,
  "HDFCBANK.NS_breakout_up": 1783660872.6845577,
  "RELIANCE.NS_ma_bearish": 1783921279.6240647,
  "HDFCBANK.NS_ma_bearish": 1783935678.019842,
  "RELIANCE.NS_breakout_up": 1783910751.8542736,
  "TCS.NS_ma_bullish": 1783914983.6365037,
  "USD/JPY_breakout_down": 1783696873.1398454,
  "USD/JPY_rsi_oversold": 1783698073.118094,
  "INFY.NS_rsi_overbought": 1783929082.7339957,
  "INFY.NS_breakout_up": 1783928148.3662183,
  "TCS.NS_breakout_up": 1783927550.9636867,
  "INFY.NS_ma_bullish": 1783921280.3749838,
  "TCS.NS_rsi_overbought": 1783931151.2160819,
  "HDFCBANK.NS_rsi_overbought": 1783403154.3971727,
  "RELIANCE.NS_rsi_overbought": 1783319145.7075825,
  "HDFCBANK.NS_rsi_oversold": 1783914717.5367985
}