{
  "RELIANCE.NS_rsi_oversold": 1783521686.8264503,
  "ETH-USD_ma_bullish": 1783504902.1211636,
  "GBP/USD_ma_bearish": 1783502151.1131783,
  "USD/JPY_breakout_up": 1783523149.7678988,
  "GBP/USD_rsi_overbought": 1783470952.8718925,
  "GBP/USD_breakout_up": 1783517748.9694543,
  "USD/JPY_rsi_overbought": 1783523149.5752103,
  "ETH-USD_breakout_down": 1783522277.6164608,
  "EUR/USD_breakout_up": 1783496146.1011338,
  "BTC-USD_breakout_down": 1783516279.9135418,
  "BTC-USD_rsi_oversold": 1783499144.1641386,
  "EUR/USD_rsi_overbought": 1783496145.7754612,
  "ETH-USD_ma_bearish": 1783515948.041733,
  "BTC-USD_ma_bullish": 1783521341.015939,
  "BTC-USD_breakout_up": 1783495544.152968,
  "ETH-USD_breakout_up": 1783498277.0624378,
  "ETH-USD_rsi_overbought": 1783443342.9581983,
  "BTC-USD_rsi_overbought": 1783443342.2075734,
  "BTC-USD_ma_bearish": 1783515342.2241755,
  "EUR/USD_ma_bearish": 1783502749.362438,
  "USD/JPY_ma_bearish": 1783484742.4738266,
  "GBP/USD_ma_bullish": 1783517492.298521,
  "ETH-USD_rsi_oversold": 1783524078.044401,
  "EUR/USD_breakout_down": 1783510878.259783,
  "GBP/USD_breakout_down": 1783498877.9224021,
  "USD/JPY_ma_bullish": 1783502151.2909622,
  "GBP/USD_rsi_oversold": 1783502150.9215796,
  "EUR/USD_rsi_oversold": 1783452087.8457,
  "INFY.NS_rsi_oversold": 1782896148.876377,
  "INFY.NS_ma_bearish": 1783501876.296733,
  "INFY.NS_breakout_down": 1783486542.4643476,
  "TCS.NS_breakout_down": 1783502751.4947042,
  "RELIANCE.NS_breakout_down": 1783500075.9038908,
  "TCS.NS_rsi_oversold": 1783500076.163197,
  "TCS.NS_ma_bearish": 1783414543.756188,
  "HDFCBANK.NS_breakout_down": 1783502752.4836931,
  "HDFCBANK.NS_ma_bullish": 1783310140.7673495,
  "RELIANCE.NS_ma_bullish": 1783315541.6115804,
  "EUR/USD_ma_bullish": 1783521965.4431493,
  "HDFCBANK.NS_breakout_up": 1783395952.967682,
  "RELIANCE.NS_ma_bearish": 1783396543.758233,
  "HDFCBANK.NS_ma_bearish": 1783412744.6811852,
  "RELIANCE.NS_breakout_up": 1783395952.011013,
  "TCS.NS_ma_bullish": 1783398349.0342734,
  "USD/JPY_breakout_down": 1783493151.2255723,
  "USD/JPY_rsi_oversold": 1783454506.9926577,
  "INFY.NS_rsi_overbought": 1783407345.0181308,
  "INFY.NS_breakout_up": 1783405542.176799,
  "TCS.NS_breakout_up": 1783399870.6809337,
  "INFY.NS_ma_bullish": 1783495545.4815235,
  "TCS.NS_rsi_overbought": 1783402864.1512725,
  "HDFCBANK.NS_rsi_overbought": 1783403154.3971727,
  "RELIANCE.NS_rsi_overbought": 1783319145.7075825,
  "HDFCBANK.NS_rsi_oversold": 1783523151.0085545
}