{
  "RELIANCE.NS_rsi_oversold": 1783559480.0184834,
  "ETH-USD_ma_bullish": 1783559747.523201,
  "GBP/USD_ma_bearish": 1783545944.7569332,
  "USD/JPY_breakout_up": 1783523149.7678988,
  "GBP/USD_rsi_overbought": 1783530679.5373096,
  "GBP/USD_breakout_up": 1783528882.9591231,
  "USD/JPY_rsi_overbought": 1783523149.5752103,
  "ETH-USD_breakout_down": 1783561553.4471755,
  "EUR/USD_breakout_up": 1783534551.2324245,
  "BTC-USD_breakout_down": 1783561873.6798878,
  "BTC-USD_rsi_oversold": 1783499144.1641386,
  "EUR/USD_rsi_overbought": 1783496145.7754612,
  "ETH-USD_ma_bearish": 1783562495.6979885,
  "BTC-USD_ma_bullish": 1783559747.1831467,
  "BTC-USD_breakout_up": 1783548680.1244,
  "ETH-USD_breakout_up": 1783555300.6827855,
  "ETH-USD_rsi_overbought": 1783443342.9581983,
  "BTC-USD_rsi_overbought": 1783532479.671993,
  "BTC-USD_ma_bearish": 1783554350.420627,
  "EUR/USD_ma_bearish": 1783547157.397592,
  "USD/JPY_ma_bearish": 1783556743.0544271,
  "GBP/USD_ma_bullish": 1783557948.5555506,
  "ETH-USD_rsi_oversold": 1783524078.044401,
  "EUR/USD_breakout_down": 1783510878.259783,
  "GBP/USD_breakout_down": 1783498877.9224021,
  "USD/JPY_ma_bullish": 1783545353.1680577,
  "GBP/USD_rsi_oversold": 1783502150.9215796,
  "EUR/USD_rsi_oversold": 1783452087.8457,
  "INFY.NS_rsi_oversold": 1782896148.876377,
  "INFY.NS_ma_bearish": 1783501876.296733,
  "INFY.NS_breakout_down": 1783486542.4643476,
  "TCS.NS_breakout_down": 1783502751.4947042,
  "RELIANCE.NS_breakout_down": 1783500075.9038908,
  "TCS.NS_rsi_oversold": 1783500076.163197,
  "TCS.NS_ma_bearish": 1783414543.756188,
  "HDFCBANK.NS_breakout_down": 1783502752.4836931,
  "HDFCBANK.NS_ma_bullish": 1783310140.7673495,
  "RELIANCE.NS_ma_bullish": 1783315541.6115804,
  "EUR/USD_ma_bullish": 1783557948.2863379,
  "HDFCBANK.NS_breakout_up": 1783395952.967682,
  "RELIANCE.NS_ma_bearish": 1783396543.758233,
  "HDFCBANK.NS_ma_bearish": 1783412744.6811852,
  "RELIANCE.NS_breakout_up": 1783395952.011013,
  "TCS.NS_ma_bullish": 1783398349.0342734,
  "USD/JPY_breakout_down": 1783556153.8201988,
  "USD/JPY_rsi_oversold": 1783454506.9926577,
  "INFY.NS_rsi_overbought": 1783407345.0181308,
  "INFY.NS_breakout_up": 1783405542.176799,
  "TCS.NS_breakout_up": 1783399870.6809337,
  "INFY.NS_ma_bullish": 1783495545.4815235,
  "TCS.NS_rsi_overbought": 1783402864.1512725,
  "HDFCBANK.NS_rsi_overbought": 1783403154.3971727,
  "RELIANCE.NS_rsi_overbought": 1783319145.7075825,
  "HDFCBANK.NS_rsi_oversold": 1783560685.6241481
}