{
  "RELIANCE.NS_rsi_oversold": 1783567541.2027807,
  "ETH-USD_ma_bullish": 1784506262.7973151,
  "GBP/USD_ma_bearish": 1784490944.2320983,
  "USD/JPY_breakout_up": 1784486148.266001,
  "GBP/USD_rsi_overbought": 1784480748.4660177,
  "GBP/USD_breakout_up": 1784480748.9159148,
  "USD/JPY_rsi_overbought": 1784490052.3253796,
  "ETH-USD_breakout_down": 1784497323.505801,
  "EUR/USD_breakout_up": 1784480748.136413,
  "BTC-USD_breakout_down": 1784497554.9058611,
  "BTC-USD_rsi_oversold": 1784463054.4979165,
  "EUR/USD_rsi_overbought": 1784480747.931802,
  "ETH-USD_ma_bearish": 1784497555.2245061,
  "BTC-USD_ma_bullish": 1784506262.458317,
  "BTC-USD_breakout_up": 1784499659.3310268,
  "ETH-USD_breakout_up": 1784491325.884283,
  "ETH-USD_rsi_overbought": 1784499659.6323438,
  "BTC-USD_rsi_overbought": 1784499658.8011138,
  "BTC-USD_ma_bearish": 1784509286.807511,
  "EUR/USD_ma_bearish": 1784487680.3402267,
  "USD/JPY_ma_bearish": 1784472285.7714927,
  "GBP/USD_ma_bullish": 1784509287.9858153,
  "ETH-USD_rsi_oversold": 1784485932.3830595,
  "EUR/USD_breakout_down": 1784487680.5385873,
  "GBP/USD_breakout_down": 1784490944.5126944,
  "USD/JPY_ma_bullish": 1784492815.2249835,
  "GBP/USD_rsi_oversold": 1784493359.2161815,
  "EUR/USD_rsi_oversold": 1784487680.0699077,
  "INFY.NS_rsi_oversold": 1784087151.5208836,
  "INFY.NS_ma_bearish": 1784281261.202661,
  "INFY.NS_breakout_down": 1784505702.2962923,
  "TCS.NS_breakout_down": 1784195482.2414348,
  "RELIANCE.NS_breakout_down": 1784194550.2471194,
  "TCS.NS_rsi_oversold": 1783572348.496318,
  "TCS.NS_ma_bearish": 1784193946.6303132,
  "HDFCBANK.NS_breakout_down": 1784187678.7719443,
  "HDFCBANK.NS_ma_bullish": 1784263267.4138298,
  "RELIANCE.NS_ma_bullish": 1784262346.9868681,
  "EUR/USD_ma_bullish": 1784476547.033918,
  "HDFCBANK.NS_breakout_up": 1784277962.8421588,
  "RELIANCE.NS_ma_bearish": 1784191281.0487132,
  "HDFCBANK.NS_ma_bearish": 1784103951.9973798,
  "RELIANCE.NS_breakout_up": 1784507474.7267249,
  "TCS.NS_ma_bullish": 1784263266.2625198,
  "USD/JPY_breakout_down": 1784487469.1465538,
  "USD/JPY_rsi_oversold": 1784487947.4561555,
  "INFY.NS_rsi_overbought": 1784259954.9706066,
  "INFY.NS_breakout_up": 1784259955.4284313,
  "TCS.NS_breakout_up": 1784274658.1914942,
  "INFY.NS_ma_bullish": 1784261465.429816,
  "TCS.NS_rsi_overbought": 1784279759.2794025,
  "HDFCBANK.NS_rsi_overbought": 1784264485.0849981,
  "RELIANCE.NS_rsi_overbought": 1784262061.9913967,
  "HDFCBANK.NS_rsi_oversold": 1784020878.559113
}