{
  "RELIANCE.NS_rsi_oversold": 1782792653.040741,
  "ETH-USD_ma_bullish": 1783436148.3364427,
  "GBP/USD_ma_bearish": 1783430749.796729,
  "USD/JPY_breakout_up": 1783433150.6588848,
  "GBP/USD_rsi_overbought": 1783367152.5731716,
  "GBP/USD_breakout_up": 1783423544.7634208,
  "USD/JPY_rsi_overbought": 1783341412.6275117,
  "ETH-USD_breakout_down": 1783431097.0071669,
  "EUR/USD_breakout_up": 1783432547.7038765,
  "BTC-USD_breakout_down": 1783431680.6686745,
  "BTC-USD_rsi_oversold": 1783400142.2627296,
  "EUR/USD_rsi_overbought": 1783362941.7733173,
  "ETH-USD_ma_bearish": 1783429876.3232303,
  "BTC-USD_ma_bullish": 1783436505.590679,
  "BTC-USD_breakout_up": 1783436505.8198447,
  "ETH-USD_breakout_up": 1783436148.6544733,
  "ETH-USD_rsi_overbought": 1783439474.790148,
  "BTC-USD_rsi_overbought": 1783439153.756319,
  "BTC-USD_ma_bearish": 1783430151.6353137,
  "EUR/USD_ma_bearish": 1783437355.8327043,
  "USD/JPY_ma_bearish": 1783418140.2127867,
  "GBP/USD_ma_bullish": 1783415750.5812793,
  "ETH-USD_rsi_oversold": 1783399869.0897021,
  "EUR/USD_breakout_down": 1783440102.3756304,
  "GBP/USD_breakout_down": 1783433149.9177225,
  "USD/JPY_ma_bullish": 1783437356.9051697,
  "GBP/USD_rsi_oversold": 1783433480.2119,
  "EUR/USD_rsi_oversold": 1783403742.6139982,
  "INFY.NS_rsi_oversold": 1782896148.876377,
  "INFY.NS_ma_bearish": 1783417269.487168,
  "INFY.NS_breakout_down": 1783316462.452659,
  "TCS.NS_breakout_down": 1783329358.4578419,
  "RELIANCE.NS_breakout_down": 1783443078.7452297,
  "TCS.NS_rsi_oversold": 1783312269.9176414,
  "TCS.NS_ma_bearish": 1783414543.756188,
  "HDFCBANK.NS_breakout_down": 1783440679.065299,
  "HDFCBANK.NS_ma_bullish": 1783310140.7673495,
  "RELIANCE.NS_ma_bullish": 1783315541.6115804,
  "EUR/USD_ma_bullish": 1783422951.8226402,
  "HDFCBANK.NS_breakout_up": 1783395952.967682,
  "RELIANCE.NS_ma_bearish": 1783396543.758233,
  "HDFCBANK.NS_ma_bearish": 1783412744.6811852,
  "RELIANCE.NS_breakout_up": 1783395952.011013,
  "TCS.NS_ma_bullish": 1783398349.0342734,
  "USD/JPY_breakout_down": 1783427487.4378386,
  "USD/JPY_rsi_oversold": 1783399869.759753,
  "INFY.NS_rsi_overbought": 1783407345.0181308,
  "INFY.NS_breakout_up": 1783405542.176799,
  "TCS.NS_breakout_up": 1783399870.6809337,
  "INFY.NS_ma_bullish": 1783330866.2485664,
  "TCS.NS_rsi_overbought": 1783402864.1512725,
  "HDFCBANK.NS_rsi_overbought": 1783403154.3971727,
  "RELIANCE.NS_rsi_overbought": 1783319145.7075825
}