{
  "RELIANCE.NS_rsi_oversold": 1782792653.040741,
  "ETH-USD_ma_bullish": 1782940259.6833384,
  "GBP/USD_ma_bearish": 1782932142.4455924,
  "USD/JPY_breakout_up": 1782935755.483245,
  "GBP/USD_rsi_overbought": 1782917164.619503,
  "GBP/USD_breakout_up": 1782917164.7880952,
  "USD/JPY_rsi_overbought": 1782836151.294712,
  "ETH-USD_breakout_down": 1782937257.8931422,
  "EUR/USD_breakout_up": 1782913858.3306012,
  "BTC-USD_breakout_down": 1782936076.9542017,
  "BTC-USD_rsi_oversold": 1782907857.6516905,
  "EUR/USD_rsi_overbought": 1782831347.9756277,
  "ETH-USD_ma_bearish": 1782936347.6493707,
  "BTC-USD_ma_bullish": 1782940259.381444,
  "BTC-USD_breakout_up": 1782940550.0607448,
  "ETH-USD_breakout_up": 1782940550.3603358,
  "ETH-USD_rsi_overbought": 1782918955.2259703,
  "BTC-USD_rsi_overbought": 1782919545.0745175,
  "BTC-USD_ma_bearish": 1782936076.579079,
  "EUR/USD_ma_bearish": 1782926160.5918536,
  "USD/JPY_ma_bearish": 1782913562.3361306,
  "GBP/USD_ma_bullish": 1782915357.5439367,
  "ETH-USD_rsi_oversold": 1782907858.2191565,
  "EUR/USD_breakout_down": 1782908151.926393,
  "GBP/USD_breakout_down": 1782940260.653301,
  "USD/JPY_ma_bullish": 1782903680.4080544,
  "GBP/USD_rsi_oversold": 1782871859.4458568,
  "EUR/USD_rsi_oversold": 1782909657.908984,
  "INFY.NS_rsi_oversold": 1782896148.876377,
  "INFY.NS_ma_bearish": 1782791743.5318925,
  "INFY.NS_breakout_down": 1782896745.3713608,
  "TCS.NS_breakout_down": 1782937542.7697196,
  "RELIANCE.NS_breakout_down": 1782792344.4067705,
  "TCS.NS_rsi_oversold": 1782936957.1748428,
  "TCS.NS_ma_bearish": 1782886259.5907898,
  "HDFCBANK.NS_breakout_down": 1782882657.9683518,
  "HDFCBANK.NS_ma_bullish": 1782890745.5442321,
  "RELIANCE.NS_ma_bullish": 1782879944.850055,
  "EUR/USD_ma_bullish": 1782918957.117946,
  "HDFCBANK.NS_breakout_up": 1782887480.1796403,
  "RELIANCE.NS_ma_bearish": 1782811540.3759377,
  "HDFCBANK.NS_ma_bearish": 1782898861.1414218,
  "RELIANCE.NS_breakout_up": 1782879945.0351274,
  "TCS.NS_ma_bullish": 1782884458.5809019,
  "USD/JPY_breakout_down": 1782912348.7320604,
  "USD/JPY_rsi_oversold": 1782917166.3616745
}