{
  "RELIANCE.NS_rsi_oversold": 1782723064.3908565,
  "ETH-USD_ma_bullish": 1782745852.0216224,
  "GBP/USD_ma_bearish": 1782726994.048853,
  "USD/JPY_breakout_up": 1782739675.291934,
  "GBP/USD_rsi_overbought": 1782739870.9228127,
  "GBP/USD_breakout_up": 1782739871.1750288,
  "USD/JPY_rsi_overbought": 1782739873.3397434,
  "ETH-USD_breakout_down": 1782741052.871406,
  "EUR/USD_breakout_up": 1782741946.0036952,
  "BTC-USD_breakout_down": 1782742250.1122193,
  "BTC-USD_rsi_oversold": 1782742851.8124294,
  "EUR/USD_rsi_overbought": 1782745279.1703756,
  "ETH-USD_ma_bearish": 1782746742.5026007
}