{
  "RELIANCE.NS_rsi_oversold": 1782723064.3908565,
  "ETH-USD_ma_bullish": 1782762941.6234117,
  "GBP/USD_ma_bearish": 1782774948.1306715,
  "USD/JPY_breakout_up": 1782739675.291934,
  "GBP/USD_rsi_overbought": 1782756081.0189817,
  "GBP/USD_breakout_up": 1782762942.4634864,
  "USD/JPY_rsi_overbought": 1782739873.3397434,
  "ETH-USD_breakout_down": 1782775540.7922301,
  "EUR/USD_breakout_up": 1782752143.3868184,
  "BTC-USD_breakout_down": 1782775540.4338815,
  "BTC-USD_rsi_oversold": 1782742851.8124294,
  "EUR/USD_rsi_overbought": 1782753350.861262,
  "ETH-USD_ma_bearish": 1782773147.7168565,
  "BTC-USD_ma_bullish": 1782762649.2226954,
  "BTC-USD_breakout_up": 1782762649.6628852,
  "ETH-USD_breakout_up": 1782751546.4717796,
  "ETH-USD_rsi_overbought": 1782753349.8971388,
  "BTC-USD_rsi_overbought": 1782753652.6492076,
  "BTC-USD_ma_bearish": 1782773741.9227054,
  "EUR/USD_ma_bearish": 1782766870.458531,
  "USD/JPY_ma_bearish": 1782768669.798592,
  "GBP/USD_ma_bullish": 1782775873.1505804
}