{
  "RELIANCE.NS_rsi_oversold": 1782792653.040741,
  "ETH-USD_ma_bullish": 1783237553.880179,
  "GBP/USD_ma_bearish": 1783234539.8712606,
  "USD/JPY_breakout_up": 1783095660.7684555,
  "GBP/USD_rsi_overbought": 1783165551.4966385,
  "GBP/USD_breakout_up": 1783177543.7001603,
  "USD/JPY_rsi_overbought": 1783036882.35823,
  "ETH-USD_breakout_down": 1783214457.2444224,
  "EUR/USD_breakout_up": 1783059654.2248611,
  "BTC-USD_breakout_down": 1783230350.6268785,
  "BTC-USD_rsi_oversold": 1783219860.033515,
  "EUR/USD_rsi_overbought": 1783165550.7575676,
  "ETH-USD_ma_bearish": 1783236681.788797,
  "BTC-USD_ma_bullish": 1783233658.396,
  "BTC-USD_breakout_up": 1783237257.2292979,
  "ETH-USD_breakout_up": 1783225260.7089365,
  "ETH-USD_rsi_overbought": 1783187744.5355659,
  "BTC-USD_rsi_overbought": 1783238141.4193983,
  "BTC-USD_ma_bearish": 1783229141.8508556,
  "EUR/USD_ma_bearish": 1783238486.768285,
  "USD/JPY_ma_bearish": 1783184142.4169734,
  "GBP/USD_ma_bullish": 1783240279.889982,
  "ETH-USD_rsi_oversold": 1783217748.1656666,
  "EUR/USD_breakout_down": 1783094141.7525537,
  "GBP/USD_breakout_down": 1783195299.0458117,
  "USD/JPY_ma_bullish": 1783191678.9000428,
  "GBP/USD_rsi_oversold": 1782871859.4458568,
  "EUR/USD_rsi_oversold": 1782909657.908984,
  "INFY.NS_rsi_oversold": 1782896148.876377,
  "INFY.NS_ma_bearish": 1783068946.928035,
  "INFY.NS_breakout_down": 1782896745.3713608,
  "TCS.NS_breakout_down": 1782963655.303022,
  "RELIANCE.NS_breakout_down": 1782972088.5563407,
  "TCS.NS_rsi_oversold": 1782963655.0770402,
  "TCS.NS_ma_bearish": 1783069860.1310596,
  "HDFCBANK.NS_breakout_down": 1783071662.107813,
  "HDFCBANK.NS_ma_bullish": 1783052745.1821814,
  "RELIANCE.NS_ma_bullish": 1783240542.8003306,
  "EUR/USD_ma_bullish": 1783240542.2769399,
  "HDFCBANK.NS_breakout_up": 1783050948.3865757,
  "RELIANCE.NS_ma_bearish": 1783068061.1885023,
  "HDFCBANK.NS_ma_bearish": 1783068061.9924304,
  "RELIANCE.NS_breakout_up": 1783050660.7825005,
  "TCS.NS_ma_bullish": 1782968143.7259114,
  "USD/JPY_breakout_down": 1783060855.0096796,
  "USD/JPY_rsi_oversold": 1783225879.7819395,
  "INFY.NS_rsi_overbought": 1783061747.280819,
  "INFY.NS_breakout_up": 1783050055.117845,
  "TCS.NS_breakout_up": 1783050357.368316,
  "INFY.NS_ma_bullish": 1782965456.1829696,
  "TCS.NS_rsi_overbought": 1783061456.5830274
}