{
  "RELIANCE.NS_rsi_oversold": 1782792653.040741,
  "ETH-USD_ma_bullish": 1783050054.0438912,
  "GBP/USD_ma_bearish": 1783013144.07067,
  "USD/JPY_breakout_up": 1783036882.5769918,
  "GBP/USD_rsi_overbought": 1783055461.9877841,
  "GBP/USD_breakout_up": 1783055149.795237,
  "USD/JPY_rsi_overbought": 1783036882.35823,
  "ETH-USD_breakout_down": 1782976855.911871,
  "EUR/USD_breakout_up": 1783053953.8842328,
  "BTC-USD_breakout_down": 1783038667.8839762,
  "BTC-USD_rsi_oversold": 1782978055.2298744,
  "EUR/USD_rsi_overbought": 1783055461.3207517,
  "ETH-USD_ma_bearish": 1783053346.2966084,
  "BTC-USD_ma_bullish": 1783054877.423381,
  "BTC-USD_breakout_up": 1783041353.207788,
  "ETH-USD_breakout_up": 1783056672.539946,
  "ETH-USD_rsi_overbought": 1782998456.2061737,
  "BTC-USD_rsi_overbought": 1782998151.4558992,
  "BTC-USD_ma_bearish": 1783052149.3979726,
  "EUR/USD_ma_bearish": 1783013143.82689,
  "USD/JPY_ma_bearish": 1783045875.0901625,
  "GBP/USD_ma_bullish": 1783043741.965397,
  "ETH-USD_rsi_oversold": 1782953152.762366,
  "EUR/USD_breakout_down": 1783036881.5720065,
  "GBP/USD_breakout_down": 1783036881.9762776,
  "USD/JPY_ma_bullish": 1783014357.7059977,
  "GBP/USD_rsi_oversold": 1782871859.4458568,
  "EUR/USD_rsi_oversold": 1782909657.908984,
  "INFY.NS_rsi_oversold": 1782896148.876377,
  "INFY.NS_ma_bearish": 1782791743.5318925,
  "INFY.NS_breakout_down": 1782896745.3713608,
  "TCS.NS_breakout_down": 1782963655.303022,
  "RELIANCE.NS_breakout_down": 1782972088.5563407,
  "TCS.NS_rsi_oversold": 1782963655.0770402,
  "TCS.NS_ma_bearish": 1782886259.5907898,
  "HDFCBANK.NS_breakout_down": 1782986145.4627898,
  "HDFCBANK.NS_ma_bullish": 1783052745.1821814,
  "RELIANCE.NS_ma_bullish": 1782985258.734644,
  "EUR/USD_ma_bullish": 1783044951.1911068,
  "HDFCBANK.NS_breakout_up": 1783050948.3865757,
  "RELIANCE.NS_ma_bearish": 1782967256.2146735,
  "HDFCBANK.NS_ma_bearish": 1782977145.4367592,
  "RELIANCE.NS_breakout_up": 1783050660.7825005,
  "TCS.NS_ma_bullish": 1782968143.7259114,
  "USD/JPY_breakout_down": 1783041948.935963,
  "USD/JPY_rsi_oversold": 1782996060.4506006,
  "INFY.NS_rsi_overbought": 1783050357.7525437,
  "INFY.NS_breakout_up": 1783050055.117845,
  "TCS.NS_breakout_up": 1783050357.368316,
  "INFY.NS_ma_bullish": 1782965456.1829696,
  "TCS.NS_rsi_overbought": 1783050356.9864233
}