{
  "RELIANCE.NS_rsi_oversold": 1783567541.2027807,
  "ETH-USD_ma_bullish": 1783569698.602263,
  "GBP/USD_ma_bearish": 1783572347.6314635,
  "USD/JPY_breakout_up": 1783523149.7678988,
  "GBP/USD_rsi_overbought": 1783581948.084855,
  "GBP/USD_breakout_up": 1783578048.8666108,
  "USD/JPY_rsi_overbought": 1783523149.5752103,
  "ETH-USD_breakout_down": 1783565471.3654113,
  "EUR/USD_breakout_up": 1783578345.70852,
  "BTC-USD_breakout_down": 1783565744.4579942,
  "BTC-USD_rsi_oversold": 1783499144.1641386,
  "EUR/USD_rsi_overbought": 1783578345.4723601,
  "ETH-USD_ma_bearish": 1783584142.8602347,
  "BTC-USD_ma_bullish": 1783569342.4543211,
  "BTC-USD_breakout_up": 1783580559.9020576,
  "ETH-USD_breakout_up": 1783576900.984825,
  "ETH-USD_rsi_overbought": 1783578684.669716,
  "BTC-USD_rsi_overbought": 1783580559.7065809,
  "BTC-USD_ma_bearish": 1783588283.8961527,
  "EUR/USD_ma_bearish": 1783588284.2433717,
  "USD/JPY_ma_bearish": 1783556743.0544271,
  "GBP/USD_ma_bullish": 1783574147.9412117,
  "ETH-USD_rsi_oversold": 1783524078.044401,
  "EUR/USD_breakout_down": 1783510878.259783,
  "GBP/USD_breakout_down": 1783498877.9224021,
  "USD/JPY_ma_bullish": 1783545353.1680577,
  "GBP/USD_rsi_oversold": 1783502150.9215796,
  "EUR/USD_rsi_oversold": 1783452087.8457,
  "INFY.NS_rsi_oversold": 1783568740.7778518,
  "INFY.NS_ma_bearish": 1783501876.296733,
  "INFY.NS_breakout_down": 1783568740.9375906,
  "TCS.NS_breakout_down": 1783568740.4117315,
  "RELIANCE.NS_breakout_down": 1783588285.1531568,
  "TCS.NS_rsi_oversold": 1783572348.496318,
  "TCS.NS_ma_bearish": 1783414543.756188,
  "HDFCBANK.NS_breakout_down": 1783502752.4836931,
  "HDFCBANK.NS_ma_bullish": 1783577473.892953,
  "RELIANCE.NS_ma_bullish": 1783574741.3073266,
  "EUR/USD_ma_bullish": 1783557948.2863379,
  "HDFCBANK.NS_breakout_up": 1783582890.8297265,
  "RELIANCE.NS_ma_bearish": 1783588285.0074513,
  "HDFCBANK.NS_ma_bearish": 1783412744.6811852,
  "RELIANCE.NS_breakout_up": 1783395952.011013,
  "TCS.NS_ma_bullish": 1783583758.290045,
  "USD/JPY_breakout_down": 1783575343.618861,
  "USD/JPY_rsi_oversold": 1783578346.393007,
  "INFY.NS_rsi_overbought": 1783407345.0181308,
  "INFY.NS_breakout_up": 1783405542.176799,
  "TCS.NS_breakout_up": 1783399870.6809337,
  "INFY.NS_ma_bullish": 1783584144.0574884,
  "TCS.NS_rsi_overbought": 1783402864.1512725,
  "HDFCBANK.NS_rsi_overbought": 1783403154.3971727,
  "RELIANCE.NS_rsi_overbought": 1783319145.7075825,
  "HDFCBANK.NS_rsi_oversold": 1783564291.8806932
}