{
  "RELIANCE.NS_rsi_oversold": 1782792653.040741,
  "ETH-USD_ma_bullish": 1783416679.5781307,
  "GBP/USD_ma_bearish": 1783397755.875812,
  "USD/JPY_breakout_up": 1783407944.5799377,
  "GBP/USD_rsi_overbought": 1783367152.5731716,
  "GBP/USD_breakout_up": 1783414264.552752,
  "USD/JPY_rsi_overbought": 1783341412.6275117,
  "ETH-USD_breakout_down": 1783395950.865232,
  "EUR/USD_breakout_up": 1783375293.895507,
  "BTC-USD_breakout_down": 1783411868.2348073,
  "BTC-USD_rsi_oversold": 1783400142.2627296,
  "EUR/USD_rsi_overbought": 1783362941.7733173,
  "ETH-USD_ma_bearish": 1783411294.688813,
  "BTC-USD_ma_bullish": 1783415750.1319132,
  "BTC-USD_breakout_up": 1783407064.7806926,
  "ETH-USD_breakout_up": 1783352752.9349499,
  "ETH-USD_rsi_overbought": 1783372271.0504694,
  "BTC-USD_rsi_overbought": 1783372552.8042114,
  "BTC-USD_ma_bearish": 1783410941.664503,
  "EUR/USD_ma_bearish": 1783385745.0204573,
  "USD/JPY_ma_bearish": 1783390549.9540722,
  "GBP/USD_ma_bullish": 1783415750.5812793,
  "ETH-USD_rsi_oversold": 1783399869.0897021,
  "EUR/USD_breakout_down": 1783404947.9144044,
  "GBP/USD_breakout_down": 1783404948.5364106,
  "USD/JPY_ma_bullish": 1783407694.1054273,
  "GBP/USD_rsi_oversold": 1783260663.9997387,
  "EUR/USD_rsi_oversold": 1783403742.6139982,
  "INFY.NS_rsi_oversold": 1782896148.876377,
  "INFY.NS_ma_bearish": 1783416680.6676087,
  "INFY.NS_breakout_down": 1783316462.452659,
  "TCS.NS_breakout_down": 1783329358.4578419,
  "RELIANCE.NS_breakout_down": 1783309858.410582,
  "TCS.NS_rsi_oversold": 1783312269.9176414,
  "TCS.NS_ma_bearish": 1783414543.756188,
  "HDFCBANK.NS_breakout_down": 1783071662.107813,
  "HDFCBANK.NS_ma_bullish": 1783310140.7673495,
  "RELIANCE.NS_ma_bullish": 1783315541.6115804,
  "EUR/USD_ma_bullish": 1783353071.6383262,
  "HDFCBANK.NS_breakout_up": 1783395952.967682,
  "RELIANCE.NS_ma_bearish": 1783396543.758233,
  "HDFCBANK.NS_ma_bearish": 1783412744.6811852,
  "RELIANCE.NS_breakout_up": 1783395952.011013,
  "TCS.NS_ma_bullish": 1783398349.0342734,
  "USD/JPY_breakout_down": 1783398942.0721958,
  "USD/JPY_rsi_oversold": 1783399869.759753,
  "INFY.NS_rsi_overbought": 1783407345.0181308,
  "INFY.NS_breakout_up": 1783405542.176799,
  "TCS.NS_breakout_up": 1783399870.6809337,
  "INFY.NS_ma_bullish": 1783330866.2485664,
  "TCS.NS_rsi_overbought": 1783402864.1512725,
  "HDFCBANK.NS_rsi_overbought": 1783403154.3971727,
  "RELIANCE.NS_rsi_overbought": 1783319145.7075825
}