{
  "RELIANCE.NS_rsi_oversold": 1783567541.2027807,
  "ETH-USD_ma_bullish": 1784018145.0792565,
  "GBP/USD_ma_bearish": 1784015150.5889966,
  "USD/JPY_breakout_up": 1784016340.4712248,
  "GBP/USD_rsi_overbought": 1784019951.1141663,
  "GBP/USD_breakout_up": 1784018757.4083211,
  "USD/JPY_rsi_overbought": 1783966877.3098445,
  "ETH-USD_breakout_down": 1784011277.8005126,
  "EUR/USD_breakout_up": 1784015481.565623,
  "BTC-USD_breakout_down": 1783978293.004976,
  "BTC-USD_rsi_oversold": 1783964483.2072735,
  "EUR/USD_rsi_overbought": 1783929351.8177347,
  "ETH-USD_ma_bearish": 1784023554.2852223,
  "BTC-USD_ma_bullish": 1784018756.4762173,
  "BTC-USD_breakout_up": 1784018475.7736428,
  "ETH-USD_breakout_up": 1784023875.2646818,
  "ETH-USD_rsi_overbought": 1783990541.4160523,
  "BTC-USD_rsi_overbought": 1784005882.5429323,
  "BTC-USD_ma_bearish": 1784022674.9054725,
  "EUR/USD_ma_bearish": 1784011558.9904158,
  "USD/JPY_ma_bearish": 1784020556.2584217,
  "GBP/USD_ma_bullish": 1784019344.321634,
  "ETH-USD_rsi_oversold": 1783978881.7403789,
  "EUR/USD_breakout_down": 1784012142.5132418,
  "GBP/USD_breakout_down": 1783974345.8508177,
  "USD/JPY_ma_bullish": 1784014292.6346037,
  "GBP/USD_rsi_oversold": 1783974081.944633,
  "EUR/USD_rsi_oversold": 1783974702.1610115,
  "INFY.NS_rsi_oversold": 1783568740.7778518,
  "INFY.NS_ma_bearish": 1784004079.234755,
  "INFY.NS_breakout_down": 1784015151.6093915,
  "TCS.NS_breakout_down": 1783568740.4117315,
  "RELIANCE.NS_breakout_down": 1784021145.044463,
  "TCS.NS_rsi_oversold": 1783572348.496318,
  "TCS.NS_ma_bearish": 1784014890.838927,
  "HDFCBANK.NS_breakout_down": 1784020878.7510536,
  "HDFCBANK.NS_ma_bullish": 1783932085.521308,
  "RELIANCE.NS_ma_bullish": 1784006746.580066,
  "EUR/USD_ma_bullish": 1784018756.9963725,
  "HDFCBANK.NS_breakout_up": 1783660872.6845577,
  "RELIANCE.NS_ma_bearish": 1784018477.048877,
  "HDFCBANK.NS_ma_bearish": 1783935678.019842,
  "RELIANCE.NS_breakout_up": 1784006154.970257,
  "TCS.NS_ma_bullish": 1784023876.811631,
  "USD/JPY_breakout_down": 1784018757.7741637,
  "USD/JPY_rsi_oversold": 1784000479.4168687,
  "INFY.NS_rsi_overbought": 1783929082.7339957,
  "INFY.NS_breakout_up": 1783928148.3662183,
  "TCS.NS_breakout_up": 1784001078.7369103,
  "INFY.NS_ma_bullish": 1783921280.3749838,
  "TCS.NS_rsi_overbought": 1784000754.6956558,
  "HDFCBANK.NS_rsi_overbought": 1783403154.3971727,
  "RELIANCE.NS_rsi_overbought": 1784007096.8920748,
  "HDFCBANK.NS_rsi_oversold": 1784020878.559113
}