{
  "RELIANCE.NS_rsi_oversold": 1784864754.4066403,
  "ETH-USD_ma_bullish": 1784864148.666,
  "GBP/USD_ma_bearish": 1784865683.423685,
  "USD/JPY_breakout_up": 1784853954.7464213,
  "GBP/USD_rsi_overbought": 1784775680.995852,
  "GBP/USD_breakout_up": 1784854880.8933392,
  "USD/JPY_rsi_overbought": 1784818259.6911557,
  "ETH-USD_breakout_down": 1784861461.9673607,
  "EUR/USD_breakout_up": 1784854880.5793147,
  "BTC-USD_breakout_down": 1784852155.045786,
  "BTC-USD_rsi_oversold": 1784852154.8179374,
  "EUR/USD_rsi_overbought": 1784781654.9090302,
  "ETH-USD_ma_bearish": 1784860859.534135,
  "BTC-USD_ma_bullish": 1784863255.8252943,
  "BTC-USD_breakout_up": 1784862659.3146472,
  "ETH-USD_breakout_up": 1784796357.46924,
  "ETH-USD_rsi_overbought": 1784798460.502662,
  "BTC-USD_rsi_overbought": 1784865344.7122436,
  "BTC-USD_ma_bearish": 1784868946.904807,
  "EUR/USD_ma_bearish": 1784868354.1836572,
  "USD/JPY_ma_bearish": 1784857553.1905682,
  "GBP/USD_ma_bullish": 1784752273.6513643,
  "ETH-USD_rsi_oversold": 1784853343.1951306,
  "EUR/USD_breakout_down": 1784816459.1490438,
  "GBP/USD_breakout_down": 1784868354.4047444,
  "USD/JPY_ma_bullish": 1784868947.4853978,
  "GBP/USD_rsi_oversold": 1784820349.7156744,
  "EUR/USD_rsi_oversold": 1784818555.4875515,
  "INFY.NS_rsi_oversold": 1784778360.7201228,
  "INFY.NS_ma_bearish": 1784797864.5820916,
  "INFY.NS_breakout_down": 1784864755.2452483,
  "TCS.NS_breakout_down": 1784778660.5430484,
  "RELIANCE.NS_breakout_down": 1784864754.750975,
  "TCS.NS_rsi_oversold": 1784695852.948757,
  "TCS.NS_ma_bearish": 1784540457.6741776,
  "HDFCBANK.NS_breakout_down": 1784868664.5236583,
  "HDFCBANK.NS_ma_bullish": 1784865053.6131372,
  "RELIANCE.NS_ma_bullish": 1784712352.2550647,
  "EUR/USD_ma_bullish": 1784837755.679854,
  "HDFCBANK.NS_breakout_up": 1784799072.4912443,
  "RELIANCE.NS_ma_bearish": 1784778055.3584535,
  "HDFCBANK.NS_ma_bearish": 1784519750.213555,
  "RELIANCE.NS_breakout_up": 1784519152.9818432,
  "TCS.NS_ma_bullish": 1784785261.4232311,
  "USD/JPY_breakout_down": 1784857256.3237298,
  "USD/JPY_rsi_oversold": 1784770857.5872972,
  "INFY.NS_rsi_overbought": 1784259954.9706066,
  "INFY.NS_breakout_up": 1784788874.5402925,
  "TCS.NS_breakout_up": 1784865053.2002378,
  "INFY.NS_ma_bullish": 1784789746.6661377,
  "TCS.NS_rsi_overbought": 1784865052.880248,
  "HDFCBANK.NS_rsi_overbought": 1784264485.0849981,
  "RELIANCE.NS_rsi_overbought": 1784519152.724388,
  "HDFCBANK.NS_rsi_oversold": 1784866255.4153101
}