{
  "RELIANCE.NS_rsi_oversold": 1783567541.2027807,
  "ETH-USD_ma_bullish": 1784516750.0587106,
  "GBP/USD_ma_bearish": 1784490944.2320983,
  "USD/JPY_breakout_up": 1784531458.5916846,
  "GBP/USD_rsi_overbought": 1784533254.6773362,
  "GBP/USD_breakout_up": 1784532979.362692,
  "USD/JPY_rsi_overbought": 1784490052.3253796,
  "ETH-USD_breakout_down": 1784524304.788906,
  "EUR/USD_breakout_up": 1784532978.9614031,
  "BTC-USD_breakout_down": 1784529346.0238864,
  "BTC-USD_rsi_oversold": 1784529345.6756196,
  "EUR/USD_rsi_overbought": 1784480747.931802,
  "ETH-USD_ma_bearish": 1784538347.6624832,
  "BTC-USD_ma_bullish": 1784521030.607803,
  "BTC-USD_breakout_up": 1784533555.6291208,
  "ETH-USD_breakout_up": 1784533555.947251,
  "ETH-USD_rsi_overbought": 1784499659.6323438,
  "BTC-USD_rsi_overbought": 1784499658.8011138,
  "BTC-USD_ma_bearish": 1784537744.4928465,
  "EUR/USD_ma_bearish": 1784530545.0977263,
  "USD/JPY_ma_bearish": 1784511070.2100825,
  "GBP/USD_ma_bullish": 1784509287.9858153,
  "ETH-USD_rsi_oversold": 1784529655.9913387,
  "EUR/USD_breakout_down": 1784487680.5385873,
  "GBP/USD_breakout_down": 1784490944.5126944,
  "USD/JPY_ma_bullish": 1784529955.8257203,
  "GBP/USD_rsi_oversold": 1784493359.2161815,
  "EUR/USD_rsi_oversold": 1784487680.0699077,
  "INFY.NS_rsi_oversold": 1784087151.5208836,
  "INFY.NS_ma_bearish": 1784281261.202661,
  "INFY.NS_breakout_down": 1784528747.9271975,
  "TCS.NS_breakout_down": 1784528747.6553702,
  "RELIANCE.NS_breakout_down": 1784194550.2471194,
  "TCS.NS_rsi_oversold": 1783572348.496318,
  "TCS.NS_ma_bearish": 1784523411.9578173,
  "HDFCBANK.NS_breakout_down": 1784532057.0117943,
  "HDFCBANK.NS_ma_bullish": 1784263267.4138298,
  "RELIANCE.NS_ma_bullish": 1784262346.9868681,
  "EUR/USD_ma_bullish": 1784538347.9914353,
  "HDFCBANK.NS_breakout_up": 1784277962.8421588,
  "RELIANCE.NS_ma_bearish": 1784535948.9494376,
  "HDFCBANK.NS_ma_bearish": 1784519750.213555,
  "RELIANCE.NS_breakout_up": 1784519152.9818432,
  "TCS.NS_ma_bullish": 1784263266.2625198,
  "USD/JPY_breakout_down": 1784533556.8184876,
  "USD/JPY_rsi_oversold": 1784487947.4561555,
  "INFY.NS_rsi_overbought": 1784259954.9706066,
  "INFY.NS_breakout_up": 1784259955.4284313,
  "TCS.NS_breakout_up": 1784519153.257702,
  "INFY.NS_ma_bullish": 1784261465.429816,
  "TCS.NS_rsi_overbought": 1784279759.2794025,
  "HDFCBANK.NS_rsi_overbought": 1784264485.0849981,
  "RELIANCE.NS_rsi_overbought": 1784519152.724388,
  "HDFCBANK.NS_rsi_oversold": 1784533862.6091406
}