{
  "RELIANCE.NS_rsi_oversold": 1782792653.040741,
  "ETH-USD_ma_bullish": 1783041353.512172,
  "GBP/USD_ma_bearish": 1783013144.07067,
  "USD/JPY_breakout_up": 1783036882.5769918,
  "GBP/USD_rsi_overbought": 1782996353.265522,
  "GBP/USD_breakout_up": 1783041354.4349568,
  "USD/JPY_rsi_overbought": 1783036882.35823,
  "ETH-USD_breakout_down": 1782976855.911871,
  "EUR/USD_breakout_up": 1783041353.9519615,
  "BTC-USD_breakout_down": 1783038667.8839762,
  "BTC-USD_rsi_oversold": 1782978055.2298744,
  "EUR/USD_rsi_overbought": 1782995745.6060011,
  "ETH-USD_ma_bearish": 1783029945.2736676,
  "BTC-USD_ma_bullish": 1783036544.7386308,
  "BTC-USD_breakout_up": 1783041353.207788,
  "ETH-USD_breakout_up": 1783011059.7721071,
  "ETH-USD_rsi_overbought": 1782998456.2061737,
  "BTC-USD_rsi_overbought": 1782998151.4558992,
  "BTC-USD_ma_bearish": 1783038343.001642,
  "EUR/USD_ma_bearish": 1783013143.82689,
  "USD/JPY_ma_bearish": 1782999072.6340954,
  "GBP/USD_ma_bullish": 1783029344.3948345,
  "ETH-USD_rsi_oversold": 1782953152.762366,
  "EUR/USD_breakout_down": 1783036881.5720065,
  "GBP/USD_breakout_down": 1783036881.9762776,
  "USD/JPY_ma_bullish": 1783014357.7059977,
  "GBP/USD_rsi_oversold": 1782871859.4458568,
  "EUR/USD_rsi_oversold": 1782909657.908984,
  "INFY.NS_rsi_oversold": 1782896148.876377,
  "INFY.NS_ma_bearish": 1782791743.5318925,
  "INFY.NS_breakout_down": 1782896745.3713608,
  "TCS.NS_breakout_down": 1782963655.303022,
  "RELIANCE.NS_breakout_down": 1782972088.5563407,
  "TCS.NS_rsi_oversold": 1782963655.0770402,
  "TCS.NS_ma_bearish": 1782886259.5907898,
  "HDFCBANK.NS_breakout_down": 1782986145.4627898,
  "HDFCBANK.NS_ma_bullish": 1782969058.7840972,
  "RELIANCE.NS_ma_bullish": 1782985258.734644,
  "EUR/USD_ma_bullish": 1783029344.1157053,
  "HDFCBANK.NS_breakout_up": 1782964261.6627088,
  "RELIANCE.NS_ma_bearish": 1782967256.2146735,
  "HDFCBANK.NS_ma_bearish": 1782977145.4367592,
  "RELIANCE.NS_breakout_up": 1782964543.7004945,
  "TCS.NS_ma_bullish": 1782968143.7259114,
  "USD/JPY_breakout_down": 1782996060.6135306,
  "USD/JPY_rsi_oversold": 1782996060.4506006,
  "INFY.NS_rsi_overbought": 1782982550.495508,
  "INFY.NS_breakout_up": 1783038946.3162,
  "TCS.NS_breakout_up": 1782980458.7533696,
  "INFY.NS_ma_bullish": 1782965456.1829696,
  "TCS.NS_rsi_overbought": 1782984347.519189
}