{
  "RELIANCE.NS_rsi_oversold": 1782792653.040741,
  "ETH-USD_ma_bullish": 1782955869.103413,
  "GBP/USD_ma_bearish": 1782932142.4455924,
  "USD/JPY_breakout_up": 1782935755.483245,
  "GBP/USD_rsi_overbought": 1782978657.805892,
  "GBP/USD_breakout_up": 1782978355.1962144,
  "USD/JPY_rsi_overbought": 1782836151.294712,
  "ETH-USD_breakout_down": 1782976855.911871,
  "EUR/USD_breakout_up": 1782978354.7615633,
  "BTC-USD_breakout_down": 1782975052.061383,
  "BTC-USD_rsi_oversold": 1782978055.2298744,
  "EUR/USD_rsi_overbought": 1782980744.9105945,
  "ETH-USD_ma_bearish": 1782968741.6028244,
  "BTC-USD_ma_bullish": 1782981082.475638,
  "BTC-USD_breakout_up": 1782964541.930075,
  "ETH-USD_breakout_up": 1782963063.57522,
  "ETH-USD_rsi_overbought": 1782963653.969386,
  "BTC-USD_rsi_overbought": 1782964260.2611134,
  "BTC-USD_ma_bearish": 1782968741.3877044,
  "EUR/USD_ma_bearish": 1782953153.2542906,
  "USD/JPY_ma_bearish": 1782960352.6161835,
  "GBP/USD_ma_bullish": 1782951351.60948,
  "ETH-USD_rsi_oversold": 1782953152.762366,
  "EUR/USD_breakout_down": 1782908151.926393,
  "GBP/USD_breakout_down": 1782940260.653301,
  "USD/JPY_ma_bullish": 1782959474.1638892,
  "GBP/USD_rsi_oversold": 1782871859.4458568,
  "EUR/USD_rsi_oversold": 1782909657.908984,
  "INFY.NS_rsi_oversold": 1782896148.876377,
  "INFY.NS_ma_bearish": 1782791743.5318925,
  "INFY.NS_breakout_down": 1782896745.3713608,
  "TCS.NS_breakout_down": 1782963655.303022,
  "RELIANCE.NS_breakout_down": 1782972088.5563407,
  "TCS.NS_rsi_oversold": 1782963655.0770402,
  "TCS.NS_ma_bearish": 1782886259.5907898,
  "HDFCBANK.NS_breakout_down": 1782980746.0278256,
  "HDFCBANK.NS_ma_bullish": 1782969058.7840972,
  "RELIANCE.NS_ma_bullish": 1782879944.850055,
  "EUR/USD_ma_bullish": 1782957676.1931381,
  "HDFCBANK.NS_breakout_up": 1782964261.6627088,
  "RELIANCE.NS_ma_bearish": 1782967256.2146735,
  "HDFCBANK.NS_ma_bearish": 1782977145.4367592,
  "RELIANCE.NS_breakout_up": 1782964543.7004945,
  "TCS.NS_ma_bullish": 1782968143.7259114,
  "USD/JPY_breakout_down": 1782978947.4441109,
  "USD/JPY_rsi_oversold": 1782980152.8480709,
  "INFY.NS_rsi_overbought": 1782978949.1999555,
  "INFY.NS_breakout_up": 1782977145.0340493,
  "TCS.NS_breakout_up": 1782980458.7533696,
  "INFY.NS_ma_bullish": 1782965456.1829696,
  "TCS.NS_rsi_overbought": 1782980458.5817926
}