{
  "RELIANCE.NS_rsi_oversold": 1783567541.2027807,
  "ETH-USD_ma_bullish": 1784578855.8686786,
  "GBP/USD_ma_bearish": 1784584543.679696,
  "USD/JPY_breakout_up": 1784556092.461053,
  "GBP/USD_rsi_overbought": 1784533254.6773362,
  "GBP/USD_breakout_up": 1784532979.362692,
  "USD/JPY_rsi_overbought": 1784557547.155349,
  "ETH-USD_breakout_down": 1784574957.8914552,
  "EUR/USD_breakout_up": 1784532978.9614031,
  "BTC-USD_breakout_down": 1784573454.8868783,
  "BTC-USD_rsi_oversold": 1784529345.6756196,
  "EUR/USD_rsi_overbought": 1784480747.931802,
  "ETH-USD_ma_bearish": 1784574350.5509472,
  "BTC-USD_ma_bullish": 1784579472.8742814,
  "BTC-USD_breakout_up": 1784579746.6776114,
  "ETH-USD_breakout_up": 1784579746.8705409,
  "ETH-USD_rsi_overbought": 1784570746.5403104,
  "BTC-USD_rsi_overbought": 1784562354.5335886,
  "BTC-USD_ma_bearish": 1784568947.653215,
  "EUR/USD_ma_bearish": 1784584543.288494,
  "USD/JPY_ma_bearish": 1784571357.7963345,
  "GBP/USD_ma_bullish": 1784574958.3879962,
  "ETH-USD_rsi_oversold": 1784529655.9913387,
  "EUR/USD_breakout_down": 1784558759.6047256,
  "GBP/USD_breakout_down": 1784558760.4276042,
  "USD/JPY_ma_bullish": 1784580952.3605182,
  "GBP/USD_rsi_oversold": 1784563862.4757798,
  "EUR/USD_rsi_oversold": 1784559346.0241091,
  "INFY.NS_rsi_oversold": 1784087151.5208836,
  "INFY.NS_ma_bearish": 1784281261.202661,
  "INFY.NS_breakout_down": 1784528747.9271975,
  "TCS.NS_breakout_down": 1784540759.5535903,
  "RELIANCE.NS_breakout_down": 1784538658.1189647,
  "TCS.NS_rsi_oversold": 1783572348.496318,
  "TCS.NS_ma_bearish": 1784540457.6741776,
  "HDFCBANK.NS_breakout_down": 1784532057.0117943,
  "HDFCBANK.NS_ma_bullish": 1784263267.4138298,
  "RELIANCE.NS_ma_bullish": 1784262346.9868681,
  "EUR/USD_ma_bullish": 1784571357.2576234,
  "HDFCBANK.NS_breakout_up": 1784277962.8421588,
  "RELIANCE.NS_ma_bearish": 1784535948.9494376,
  "HDFCBANK.NS_ma_bearish": 1784519750.213555,
  "RELIANCE.NS_breakout_up": 1784519152.9818432,
  "TCS.NS_ma_bullish": 1784539546.448807,
  "USD/JPY_breakout_down": 1784547346.702354,
  "USD/JPY_rsi_oversold": 1784487947.4561555,
  "INFY.NS_rsi_overbought": 1784259954.9706066,
  "INFY.NS_breakout_up": 1784259955.4284313,
  "TCS.NS_breakout_up": 1784519153.257702,
  "INFY.NS_ma_bullish": 1784261465.429816,
  "TCS.NS_rsi_overbought": 1784279759.2794025,
  "HDFCBANK.NS_rsi_overbought": 1784264485.0849981,
  "RELIANCE.NS_rsi_overbought": 1784519152.724388,
  "HDFCBANK.NS_rsi_oversold": 1784581305.5206583
}