{
  "RELIANCE.NS_rsi_oversold": 1784864754.4066403,
  "ETH-USD_ma_bullish": 1784871662.2743366,
  "GBP/USD_ma_bearish": 1784887290.4272287,
  "USD/JPY_breakout_up": 1784853954.7464213,
  "GBP/USD_rsi_overbought": 1784877056.7649257,
  "GBP/USD_breakout_up": 1784876486.4525015,
  "USD/JPY_rsi_overbought": 1784818259.6911557,
  "ETH-USD_breakout_down": 1784884555.2731602,
  "EUR/USD_breakout_up": 1784876749.745835,
  "BTC-USD_breakout_down": 1784883947.7635121,
  "BTC-USD_rsi_oversold": 1784884260.6333168,
  "EUR/USD_rsi_overbought": 1784877359.5072231,
  "ETH-USD_ma_bearish": 1784881255.3092685,
  "BTC-USD_ma_bullish": 1784863255.8252943,
  "BTC-USD_breakout_up": 1784877359.108811,
  "ETH-USD_breakout_up": 1784874062.0777617,
  "ETH-USD_rsi_overbought": 1784877945.4869525,
  "BTC-USD_rsi_overbought": 1784877056.2111325,
  "BTC-USD_ma_bearish": 1784880348.685742,
  "EUR/USD_ma_bearish": 1784868354.1836572,
  "USD/JPY_ma_bearish": 1784877360.1623294,
  "GBP/USD_ma_bullish": 1784752273.6513643,
  "ETH-USD_rsi_oversold": 1784853343.1951306,
  "EUR/USD_breakout_down": 1784816459.1490438,
  "GBP/USD_breakout_down": 1784868354.4047444,
  "USD/JPY_ma_bullish": 1784869284.5730774,
  "GBP/USD_rsi_oversold": 1784820349.7156744,
  "EUR/USD_rsi_oversold": 1784818555.4875515,
  "INFY.NS_rsi_oversold": 1784872254.4912264,
  "INFY.NS_ma_bearish": 1784797864.5820916,
  "INFY.NS_breakout_down": 1784873150.1413555,
  "TCS.NS_breakout_down": 1784778660.5430484,
  "RELIANCE.NS_breakout_down": 1784864754.750975,
  "TCS.NS_rsi_oversold": 1784695852.948757,
  "TCS.NS_ma_bearish": 1784873149.5461543,
  "HDFCBANK.NS_breakout_down": 1784868664.5236583,
  "HDFCBANK.NS_ma_bullish": 1784878864.9325583,
  "RELIANCE.NS_ma_bullish": 1784872882.413033,
  "EUR/USD_ma_bullish": 1784877359.7098393,
  "HDFCBANK.NS_breakout_up": 1784799072.4912443,
  "RELIANCE.NS_ma_bearish": 1784778055.3584535,
  "HDFCBANK.NS_ma_bearish": 1784519750.213555,
  "RELIANCE.NS_breakout_up": 1784872254.0897908,
  "TCS.NS_ma_bullish": 1784878863.9832945,
  "USD/JPY_breakout_down": 1784876750.6336863,
  "USD/JPY_rsi_oversold": 1784770857.5872972,
  "INFY.NS_rsi_overbought": 1784259954.9706066,
  "INFY.NS_breakout_up": 1784885743.9547632,
  "TCS.NS_breakout_up": 1784865053.2002378,
  "INFY.NS_ma_bullish": 1784883355.9563937,
  "TCS.NS_rsi_overbought": 1784865052.880248,
  "HDFCBANK.NS_rsi_overbought": 1784264485.0849981,
  "RELIANCE.NS_rsi_overbought": 1784519152.724388,
  "HDFCBANK.NS_rsi_oversold": 1784866255.4153101
}