{
  "RELIANCE.NS_rsi_oversold": 1783567541.2027807,
  "ETH-USD_ma_bullish": 1784179288.0587392,
  "GBP/USD_ma_bearish": 1784165152.6575212,
  "USD/JPY_breakout_up": 1784144478.880667,
  "GBP/USD_rsi_overbought": 1784141157.47603,
  "GBP/USD_breakout_up": 1784180144.1014447,
  "USD/JPY_rsi_overbought": 1784112351.9775977,
  "ETH-USD_breakout_down": 1784187956.2122245,
  "EUR/USD_breakout_up": 1784188275.8271437,
  "BTC-USD_breakout_down": 1784187345.1798,
  "BTC-USD_rsi_oversold": 1784187092.7662487,
  "EUR/USD_rsi_overbought": 1784143897.5209396,
  "ETH-USD_ma_bearish": 1784184354.751732,
  "BTC-USD_ma_bullish": 1784178684.382877,
  "BTC-USD_breakout_up": 1784179287.695123,
  "ETH-USD_breakout_up": 1784179545.5388532,
  "ETH-USD_rsi_overbought": 1784119558.2598815,
  "BTC-USD_rsi_overbought": 1784179892.212933,
  "BTC-USD_ma_bearish": 1784184354.5154107,
  "EUR/USD_ma_bearish": 1784169959.550606,
  "USD/JPY_ma_bearish": 1784188905.4742885,
  "GBP/USD_ma_bullish": 1784177745.4393182,
  "ETH-USD_rsi_oversold": 1784187676.5421727,
  "EUR/USD_breakout_down": 1784168161.0803444,
  "GBP/USD_breakout_down": 1784168484.0651157,
  "USD/JPY_ma_bullish": 1784170546.8795571,
  "GBP/USD_rsi_oversold": 1784111145.3343208,
  "EUR/USD_rsi_oversold": 1784110282.1609664,
  "INFY.NS_rsi_oversold": 1784087151.5208836,
  "INFY.NS_ma_bearish": 1784004079.234755,
  "INFY.NS_breakout_down": 1784087151.668401,
  "TCS.NS_breakout_down": 1784087151.190859,
  "RELIANCE.NS_breakout_down": 1784108476.302287,
  "TCS.NS_rsi_oversold": 1783572348.496318,
  "TCS.NS_ma_bearish": 1784103681.3180256,
  "HDFCBANK.NS_breakout_down": 1784187678.7719443,
  "HDFCBANK.NS_ma_bullish": 1784090478.264729,
  "RELIANCE.NS_ma_bullish": 1784177745.915904,
  "EUR/USD_ma_bullish": 1784183150.1281524,
  "HDFCBANK.NS_breakout_up": 1784098279.4466517,
  "RELIANCE.NS_ma_bearish": 1784103950.7736013,
  "HDFCBANK.NS_ma_bearish": 1784103951.9973798,
  "RELIANCE.NS_breakout_up": 1784006154.970257,
  "TCS.NS_ma_bullish": 1784103087.2186012,
  "USD/JPY_breakout_down": 1784185876.1375103,
  "USD/JPY_rsi_oversold": 1784138766.881034,
  "INFY.NS_rsi_overbought": 1783929082.7339957,
  "INFY.NS_breakout_up": 1784173558.4867048,
  "TCS.NS_breakout_up": 1784183151.8523128,
  "INFY.NS_ma_bullish": 1784174153.0061002,
  "TCS.NS_rsi_overbought": 1784183151.5709915,
  "HDFCBANK.NS_rsi_overbought": 1783403154.3971727,
  "RELIANCE.NS_rsi_overbought": 1784007096.8920748,
  "HDFCBANK.NS_rsi_oversold": 1784020878.559113
}