{
  "RELIANCE.NS_rsi_oversold": 1783567541.2027807,
  "ETH-USD_ma_bullish": 1784259079.574051,
  "GBP/USD_ma_bearish": 1784248272.8220239,
  "USD/JPY_breakout_up": 1784253349.5261693,
  "GBP/USD_rsi_overbought": 1784141157.47603,
  "GBP/USD_breakout_up": 1784180144.1014447,
  "USD/JPY_rsi_overbought": 1784222464.544362,
  "ETH-USD_breakout_down": 1784254269.1245944,
  "EUR/USD_breakout_up": 1784250090.1339097,
  "BTC-USD_breakout_down": 1784254266.765429,
  "BTC-USD_rsi_oversold": 1784244070.4670904,
  "EUR/USD_rsi_overbought": 1784143897.5209396,
  "ETH-USD_ma_bearish": 1784253064.846355,
  "BTC-USD_ma_bullish": 1784259079.3291318,
  "BTC-USD_breakout_up": 1784250657.9977636,
  "ETH-USD_breakout_up": 1784259080.8502274,
  "ETH-USD_rsi_overbought": 1784119558.2598815,
  "BTC-USD_rsi_overbought": 1784211081.8458836,
  "BTC-USD_ma_bearish": 1784253347.5548775,
  "EUR/USD_ma_bearish": 1784254557.365337,
  "USD/JPY_ma_bearish": 1784189758.1881514,
  "GBP/USD_ma_bullish": 1784234755.1959312,
  "ETH-USD_rsi_oversold": 1784243461.5041833,
  "EUR/USD_breakout_down": 1784259953.5784643,
  "GBP/USD_breakout_down": 1784257547.4252543,
  "USD/JPY_ma_bullish": 1784249746.4378538,
  "GBP/USD_rsi_oversold": 1784225469.3162382,
  "EUR/USD_rsi_oversold": 1784221550.6009843,
  "INFY.NS_rsi_oversold": 1784087151.5208836,
  "INFY.NS_ma_bearish": 1784193947.3116245,
  "INFY.NS_breakout_down": 1784194551.0796418,
  "TCS.NS_breakout_down": 1784195482.2414348,
  "RELIANCE.NS_breakout_down": 1784194550.2471194,
  "TCS.NS_rsi_oversold": 1783572348.496318,
  "TCS.NS_ma_bearish": 1784193946.6303132,
  "HDFCBANK.NS_breakout_down": 1784187678.7719443,
  "HDFCBANK.NS_ma_bullish": 1784090478.264729,
  "RELIANCE.NS_ma_bullish": 1784177745.915904,
  "EUR/USD_ma_bullish": 1784234754.821087,
  "HDFCBANK.NS_breakout_up": 1784098279.4466517,
  "RELIANCE.NS_ma_bearish": 1784191281.0487132,
  "HDFCBANK.NS_ma_bearish": 1784103951.9973798,
  "RELIANCE.NS_breakout_up": 1784006154.970257,
  "TCS.NS_ma_bullish": 1784103087.2186012,
  "USD/JPY_breakout_down": 1784234315.7967181,
  "USD/JPY_rsi_oversold": 1784138766.881034,
  "INFY.NS_rsi_overbought": 1784259954.9706066,
  "INFY.NS_breakout_up": 1784259955.4284313,
  "TCS.NS_breakout_up": 1784259954.617223,
  "INFY.NS_ma_bullish": 1784259955.2913911,
  "TCS.NS_rsi_overbought": 1784259954.4151611,
  "HDFCBANK.NS_rsi_overbought": 1783403154.3971727,
  "RELIANCE.NS_rsi_overbought": 1784007096.8920748,
  "HDFCBANK.NS_rsi_oversold": 1784020878.559113
}