{
  "RELIANCE.NS_rsi_oversold": 1782792653.040741,
  "ETH-USD_ma_bullish": 1782870657.6930988,
  "GBP/USD_ma_bearish": 1782848746.639343,
  "USD/JPY_breakout_up": 1782874875.3400927,
  "GBP/USD_rsi_overbought": 1782831687.3974707,
  "GBP/USD_breakout_up": 1782829543.0150697,
  "USD/JPY_rsi_overbought": 1782836151.294712,
  "ETH-USD_breakout_down": 1782885942.6358223,
  "EUR/USD_breakout_up": 1782829542.655084,
  "BTC-USD_breakout_down": 1782885942.467207,
  "BTC-USD_rsi_oversold": 1782886858.9949594,
  "EUR/USD_rsi_overbought": 1782831347.9756277,
  "ETH-USD_ma_bearish": 1782884755.9231558,
  "BTC-USD_ma_bullish": 1782879054.8909652,
  "BTC-USD_breakout_up": 1782881149.8844764,
  "ETH-USD_breakout_up": 1782881455.7476149,
  "ETH-USD_rsi_overbought": 1782881454.8138142,
  "BTC-USD_rsi_overbought": 1782753652.6492076,
  "BTC-USD_ma_bearish": 1782877554.0497022,
  "EUR/USD_ma_bearish": 1782890152.1632705,
  "USD/JPY_ma_bearish": 1782887478.9869561,
  "GBP/USD_ma_bullish": 1782885350.1369076,
  "ETH-USD_rsi_oversold": 1782887146.4061966,
  "EUR/USD_breakout_down": 1782888349.097027,
  "GBP/USD_breakout_down": 1782877554.9507318,
  "USD/JPY_ma_bullish": 1782780351.4124947,
  "GBP/USD_rsi_oversold": 1782871859.4458568,
  "EUR/USD_rsi_oversold": 1782799279.8891492,
  "INFY.NS_rsi_oversold": 1782888655.6549642,
  "INFY.NS_ma_bearish": 1782791743.5318925,
  "INFY.NS_breakout_down": 1782888655.8419507,
  "TCS.NS_breakout_down": 1782808545.6774125,
  "RELIANCE.NS_breakout_down": 1782792344.4067705,
  "TCS.NS_rsi_oversold": 1782809454.7760844,
  "TCS.NS_ma_bearish": 1782886259.5907898,
  "HDFCBANK.NS_breakout_down": 1782882657.9683518,
  "HDFCBANK.NS_ma_bullish": 1782890153.4817994,
  "RELIANCE.NS_ma_bullish": 1782879944.850055,
  "EUR/USD_ma_bullish": 1782884756.2560427,
  "HDFCBANK.NS_breakout_up": 1782887480.1796403,
  "RELIANCE.NS_ma_bearish": 1782811540.3759377,
  "HDFCBANK.NS_ma_bearish": 1782879945.8108265,
  "RELIANCE.NS_breakout_up": 1782879945.0351274,
  "TCS.NS_ma_bullish": 1782884458.5809019,
  "USD/JPY_breakout_down": 1782890152.5513518
}