{
  "RELIANCE.NS_rsi_oversold": 1783567541.2027807,
  "ETH-USD_ma_bullish": 1784095542.041489,
  "GBP/USD_ma_bearish": 1784093141.5969446,
  "USD/JPY_breakout_up": 1784054481.3701437,
  "GBP/USD_rsi_overbought": 1784096153.5351639,
  "GBP/USD_breakout_up": 1784094348.0928001,
  "USD/JPY_rsi_overbought": 1783966877.3098445,
  "ETH-USD_breakout_down": 1784077879.0391548,
  "EUR/USD_breakout_up": 1784094675.1013107,
  "BTC-USD_breakout_down": 1784082684.6630383,
  "BTC-USD_rsi_oversold": 1784082684.4744225,
  "EUR/USD_rsi_overbought": 1784035906.2179005,
  "ETH-USD_ma_bearish": 1784093141.253584,
  "BTC-USD_ma_bullish": 1784095541.8366625,
  "BTC-USD_breakout_up": 1784095299.2223547,
  "ETH-USD_breakout_up": 1784095879.3234575,
  "ETH-USD_rsi_overbought": 1784095879.0009654,
  "BTC-USD_rsi_overbought": 1784097345.9737186,
  "BTC-USD_ma_bearish": 1784092548.57427,
  "EUR/USD_ma_bearish": 1784048144.333948,
  "USD/JPY_ma_bearish": 1784075146.0857544,
  "GBP/USD_ma_bullish": 1784094347.8293793,
  "ETH-USD_rsi_oversold": 1784080275.0703964,
  "EUR/USD_breakout_down": 1784054480.8789804,
  "GBP/USD_breakout_down": 1784049682.4561207,
  "USD/JPY_ma_bullish": 1784089892.1319115,
  "GBP/USD_rsi_oversold": 1783974081.944633,
  "EUR/USD_rsi_oversold": 1783974702.1610115,
  "INFY.NS_rsi_oversold": 1784087151.5208836,
  "INFY.NS_ma_bearish": 1784004079.234755,
  "INFY.NS_breakout_down": 1784087151.668401,
  "TCS.NS_breakout_down": 1784087151.190859,
  "RELIANCE.NS_breakout_down": 1784021145.044463,
  "TCS.NS_rsi_oversold": 1783572348.496318,
  "TCS.NS_ma_bearish": 1784088674.642947,
  "HDFCBANK.NS_breakout_down": 1784020878.7510536,
  "HDFCBANK.NS_ma_bullish": 1784090478.264729,
  "RELIANCE.NS_ma_bullish": 1784092275.793683,
  "EUR/USD_ma_bullish": 1784074553.842702,
  "HDFCBANK.NS_breakout_up": 1784098279.4466517,
  "RELIANCE.NS_ma_bearish": 1784018477.048877,
  "HDFCBANK.NS_ma_bearish": 1783935678.019842,
  "RELIANCE.NS_breakout_up": 1784006154.970257,
  "TCS.NS_ma_bullish": 1784086874.7454844,
  "USD/JPY_breakout_down": 1784077880.435072,
  "USD/JPY_rsi_oversold": 1784032548.2277782,
  "INFY.NS_rsi_overbought": 1783929082.7339957,
  "INFY.NS_breakout_up": 1783928148.3662183,
  "TCS.NS_breakout_up": 1784001078.7369103,
  "INFY.NS_ma_bullish": 1783921280.3749838,
  "TCS.NS_rsi_overbought": 1784000754.6956558,
  "HDFCBANK.NS_rsi_overbought": 1783403154.3971727,
  "RELIANCE.NS_rsi_overbought": 1784007096.8920748,
  "HDFCBANK.NS_rsi_oversold": 1784020878.559113
}