{
  "RELIANCE.NS_rsi_oversold": 1782792653.040741,
  "ETH-USD_ma_bullish": 1783135259.9462848,
  "GBP/USD_ma_bearish": 1783147261.828435,
  "USD/JPY_breakout_up": 1783095660.7684555,
  "GBP/USD_rsi_overbought": 1783055461.9877841,
  "GBP/USD_breakout_up": 1783055149.795237,
  "USD/JPY_rsi_overbought": 1783036882.35823,
  "ETH-USD_breakout_down": 1783127748.69447,
  "EUR/USD_breakout_up": 1783059654.2248611,
  "BTC-USD_breakout_down": 1783146345.3725176,
  "BTC-USD_rsi_oversold": 1783146344.8078718,
  "EUR/USD_rsi_overbought": 1783059654.037472,
  "ETH-USD_ma_bearish": 1783143947.6679018,
  "BTC-USD_ma_bullish": 1783149350.092897,
  "BTC-USD_breakout_up": 1783135259.5752158,
  "ETH-USD_breakout_up": 1783140942.4632456,
  "ETH-USD_rsi_overbought": 1783140942.2760563,
  "BTC-USD_rsi_overbought": 1783110342.4926615,
  "BTC-USD_ma_bearish": 1783142147.3562782,
  "EUR/USD_ma_bearish": 1783127748.9503872,
  "USD/JPY_ma_bearish": 1783140943.334212,
  "GBP/USD_ma_bullish": 1783147555.473039,
  "ETH-USD_rsi_oversold": 1782953152.762366,
  "EUR/USD_breakout_down": 1783094141.7525537,
  "GBP/USD_breakout_down": 1783109750.5762317,
  "USD/JPY_ma_bullish": 1783147262.2328918,
  "GBP/USD_rsi_oversold": 1782871859.4458568,
  "EUR/USD_rsi_oversold": 1782909657.908984,
  "INFY.NS_rsi_oversold": 1782896148.876377,
  "INFY.NS_ma_bearish": 1783068946.928035,
  "INFY.NS_breakout_down": 1782896745.3713608,
  "TCS.NS_breakout_down": 1782963655.303022,
  "RELIANCE.NS_breakout_down": 1782972088.5563407,
  "TCS.NS_rsi_oversold": 1782963655.0770402,
  "TCS.NS_ma_bearish": 1783069860.1310596,
  "HDFCBANK.NS_breakout_down": 1783071662.107813,
  "HDFCBANK.NS_ma_bullish": 1783052745.1821814,
  "RELIANCE.NS_ma_bullish": 1783150270.5100935,
  "EUR/USD_ma_bullish": 1783141279.9745145,
  "HDFCBANK.NS_breakout_up": 1783050948.3865757,
  "RELIANCE.NS_ma_bearish": 1783068061.1885023,
  "HDFCBANK.NS_ma_bearish": 1783068061.9924304,
  "RELIANCE.NS_breakout_up": 1783050660.7825005,
  "TCS.NS_ma_bullish": 1782968143.7259114,
  "USD/JPY_breakout_down": 1783060855.0096796,
  "USD/JPY_rsi_oversold": 1783148748.7538784,
  "INFY.NS_rsi_overbought": 1783061747.280819,
  "INFY.NS_breakout_up": 1783050055.117845,
  "TCS.NS_breakout_up": 1783050357.368316,
  "INFY.NS_ma_bullish": 1782965456.1829696,
  "TCS.NS_rsi_overbought": 1783061456.5830274
}