{
  "RELIANCE.NS_rsi_oversold": 1784626856.3208842,
  "ETH-USD_ma_bullish": 1784636153.4806886,
  "GBP/USD_ma_bearish": 1784624155.6787553,
  "USD/JPY_breakout_up": 1784644858.786698,
  "GBP/USD_rsi_overbought": 1784616433.7041962,
  "GBP/USD_breakout_up": 1784617853.3964477,
  "USD/JPY_rsi_overbought": 1784644270.855254,
  "ETH-USD_breakout_down": 1784641253.7753117,
  "EUR/USD_breakout_up": 1784630453.2454898,
  "BTC-USD_breakout_down": 1784600465.7672718,
  "BTC-USD_rsi_oversold": 1784529345.6756196,
  "EUR/USD_rsi_overbought": 1784618745.8570044,
  "ETH-USD_ma_bearish": 1784641253.5896778,
  "BTC-USD_ma_bullish": 1784635543.6286535,
  "BTC-USD_breakout_up": 1784642485.0996733,
  "ETH-USD_breakout_up": 1784636747.084986,
  "ETH-USD_rsi_overbought": 1784622343.7493892,
  "BTC-USD_rsi_overbought": 1784637656.6794302,
  "BTC-USD_ma_bearish": 1784641856.8954983,
  "EUR/USD_ma_bearish": 1784634943.650169,
  "USD/JPY_ma_bearish": 1784603755.8229008,
  "GBP/USD_ma_bullish": 1784595677.541919,
  "ETH-USD_rsi_oversold": 1784641570.1748643,
  "EUR/USD_breakout_down": 1784641254.3052642,
  "GBP/USD_breakout_down": 1784639147.9058027,
  "USD/JPY_ma_bullish": 1784614549.955703,
  "GBP/USD_rsi_oversold": 1784639760.055833,
  "EUR/USD_rsi_oversold": 1784641254.1401308,
  "INFY.NS_rsi_oversold": 1784610955.2769725,
  "INFY.NS_ma_bearish": 1784281261.202661,
  "INFY.NS_breakout_down": 1784611545.6959817,
  "TCS.NS_breakout_down": 1784616435.143178,
  "RELIANCE.NS_breakout_down": 1784618453.652993,
  "TCS.NS_rsi_oversold": 1784617546.8138363,
  "TCS.NS_ma_bearish": 1784540457.6741776,
  "HDFCBANK.NS_breakout_down": 1784621754.0499318,
  "HDFCBANK.NS_ma_bullish": 1784263267.4138298,
  "RELIANCE.NS_ma_bullish": 1784262346.9868681,
  "EUR/USD_ma_bullish": 1784611867.7736268,
  "HDFCBANK.NS_breakout_up": 1784277962.8421588,
  "RELIANCE.NS_ma_bearish": 1784535948.9494376,
  "HDFCBANK.NS_ma_bearish": 1784519750.213555,
  "RELIANCE.NS_breakout_up": 1784519152.9818432,
  "TCS.NS_ma_bullish": 1784539546.448807,
  "USD/JPY_breakout_down": 1784547346.702354,
  "USD/JPY_rsi_oversold": 1784487947.4561555,
  "INFY.NS_rsi_overbought": 1784259954.9706066,
  "INFY.NS_breakout_up": 1784259955.4284313,
  "TCS.NS_breakout_up": 1784519153.257702,
  "INFY.NS_ma_bullish": 1784261465.429816,
  "TCS.NS_rsi_overbought": 1784279759.2794025,
  "HDFCBANK.NS_rsi_overbought": 1784264485.0849981,
  "RELIANCE.NS_rsi_overbought": 1784519152.724388,
  "HDFCBANK.NS_rsi_oversold": 1784642153.9451306
}