{
  "RELIANCE.NS_rsi_oversold": 1783567541.2027807,
  "ETH-USD_ma_bullish": 1784217693.0433106,
  "GBP/USD_ma_bearish": 1784214956.8607342,
  "USD/JPY_breakout_up": 1784219142.9354067,
  "GBP/USD_rsi_overbought": 1784141157.47603,
  "GBP/USD_breakout_up": 1784180144.1014447,
  "USD/JPY_rsi_overbought": 1784218559.789714,
  "ETH-USD_breakout_down": 1784202679.8483803,
  "EUR/USD_breakout_up": 1784188275.8271437,
  "BTC-USD_breakout_down": 1784205680.239481,
  "BTC-USD_rsi_oversold": 1784187092.7662487,
  "EUR/USD_rsi_overbought": 1784143897.5209396,
  "ETH-USD_ma_bearish": 1784218268.006376,
  "BTC-USD_ma_bullish": 1784209279.1774383,
  "BTC-USD_breakout_up": 1784208696.6332064,
  "ETH-USD_breakout_up": 1784198145.8349292,
  "ETH-USD_rsi_overbought": 1784119558.2598815,
  "BTC-USD_rsi_overbought": 1784211081.8458836,
  "BTC-USD_ma_bearish": 1784219471.594717,
  "EUR/USD_ma_bearish": 1784195153.0024226,
  "USD/JPY_ma_bearish": 1784189758.1881514,
  "GBP/USD_ma_bullish": 1784211361.3311841,
  "ETH-USD_rsi_oversold": 1784187676.5421727,
  "EUR/USD_breakout_down": 1784212881.2257175,
  "GBP/USD_breakout_down": 1784217946.4930806,
  "USD/JPY_ma_bullish": 1784195153.749433,
  "GBP/USD_rsi_oversold": 1784217946.1829288,
  "EUR/USD_rsi_oversold": 1784206906.838139,
  "INFY.NS_rsi_oversold": 1784087151.5208836,
  "INFY.NS_ma_bearish": 1784193947.3116245,
  "INFY.NS_breakout_down": 1784194551.0796418,
  "TCS.NS_breakout_down": 1784195482.2414348,
  "RELIANCE.NS_breakout_down": 1784194550.2471194,
  "TCS.NS_rsi_oversold": 1783572348.496318,
  "TCS.NS_ma_bearish": 1784193946.6303132,
  "HDFCBANK.NS_breakout_down": 1784187678.7719443,
  "HDFCBANK.NS_ma_bullish": 1784090478.264729,
  "RELIANCE.NS_ma_bullish": 1784177745.915904,
  "EUR/USD_ma_bullish": 1784183150.1281524,
  "HDFCBANK.NS_breakout_up": 1784098279.4466517,
  "RELIANCE.NS_ma_bearish": 1784191281.0487132,
  "HDFCBANK.NS_ma_bearish": 1784103951.9973798,
  "RELIANCE.NS_breakout_up": 1784006154.970257,
  "TCS.NS_ma_bullish": 1784103087.2186012,
  "USD/JPY_breakout_down": 1784185876.1375103,
  "USD/JPY_rsi_oversold": 1784138766.881034,
  "INFY.NS_rsi_overbought": 1783929082.7339957,
  "INFY.NS_breakout_up": 1784173558.4867048,
  "TCS.NS_breakout_up": 1784183151.8523128,
  "INFY.NS_ma_bullish": 1784174153.0061002,
  "TCS.NS_rsi_overbought": 1784183151.5709915,
  "HDFCBANK.NS_rsi_overbought": 1783403154.3971727,
  "RELIANCE.NS_rsi_overbought": 1784007096.8920748,
  "HDFCBANK.NS_rsi_oversold": 1784020878.559113
}