{
  "RELIANCE.NS_rsi_oversold": 1782792653.040741,
  "ETH-USD_ma_bullish": 1783471554.494741,
  "GBP/USD_ma_bearish": 1783430749.796729,
  "USD/JPY_breakout_up": 1783451476.0122473,
  "GBP/USD_rsi_overbought": 1783470952.8718925,
  "GBP/USD_breakout_up": 1783423544.7634208,
  "USD/JPY_rsi_overbought": 1783452088.3141253,
  "ETH-USD_breakout_down": 1783461707.5424256,
  "EUR/USD_breakout_up": 1783432547.7038765,
  "BTC-USD_breakout_down": 1783459541.7212245,
  "BTC-USD_rsi_oversold": 1783451752.0173683,
  "EUR/USD_rsi_overbought": 1783362941.7733173,
  "ETH-USD_ma_bearish": 1783449343.9590142,
  "BTC-USD_ma_bullish": 1783464674.3259304,
  "BTC-USD_breakout_up": 1783443342.500231,
  "ETH-USD_breakout_up": 1783443343.1618688,
  "ETH-USD_rsi_overbought": 1783443342.9581983,
  "BTC-USD_rsi_overbought": 1783443342.2075734,
  "BTC-USD_ma_bearish": 1783468542.3950386,
  "EUR/USD_ma_bearish": 1783457150.9146101,
  "USD/JPY_ma_bearish": 1783455357.0802135,
  "GBP/USD_ma_bullish": 1783415750.5812793,
  "ETH-USD_rsi_oversold": 1783450903.4113932,
  "EUR/USD_breakout_down": 1783459276.5167568,
  "GBP/USD_breakout_down": 1783451147.4478405,
  "USD/JPY_ma_bullish": 1783469753.5616298,
  "GBP/USD_rsi_oversold": 1783451752.5475357,
  "EUR/USD_rsi_oversold": 1783452087.8457,
  "INFY.NS_rsi_oversold": 1782896148.876377,
  "INFY.NS_ma_bearish": 1783417269.487168,
  "INFY.NS_breakout_down": 1783316462.452659,
  "TCS.NS_breakout_down": 1783329358.4578419,
  "RELIANCE.NS_breakout_down": 1783469754.1493616,
  "TCS.NS_rsi_oversold": 1783312269.9176414,
  "TCS.NS_ma_bearish": 1783414543.756188,
  "HDFCBANK.NS_breakout_down": 1783470953.8367608,
  "HDFCBANK.NS_ma_bullish": 1783310140.7673495,
  "RELIANCE.NS_ma_bullish": 1783315541.6115804,
  "EUR/USD_ma_bullish": 1783422951.8226402,
  "HDFCBANK.NS_breakout_up": 1783395952.967682,
  "RELIANCE.NS_ma_bearish": 1783396543.758233,
  "HDFCBANK.NS_ma_bearish": 1783412744.6811852,
  "RELIANCE.NS_breakout_up": 1783395952.011013,
  "TCS.NS_ma_bullish": 1783398349.0342734,
  "USD/JPY_breakout_down": 1783427487.4378386,
  "USD/JPY_rsi_oversold": 1783454506.9926577,
  "INFY.NS_rsi_overbought": 1783407345.0181308,
  "INFY.NS_breakout_up": 1783405542.176799,
  "TCS.NS_breakout_up": 1783399870.6809337,
  "INFY.NS_ma_bullish": 1783330866.2485664,
  "TCS.NS_rsi_overbought": 1783402864.1512725,
  "HDFCBANK.NS_rsi_overbought": 1783403154.3971727,
  "RELIANCE.NS_rsi_overbought": 1783319145.7075825
}