{
  "RELIANCE.NS_rsi_oversold": 1783567541.2027807,
  "ETH-USD_ma_bullish": 1784155877.432355,
  "GBP/USD_ma_bearish": 1784151963.2188861,
  "USD/JPY_breakout_up": 1784144478.880667,
  "GBP/USD_rsi_overbought": 1784141157.47603,
  "GBP/USD_breakout_up": 1784138765.580558,
  "USD/JPY_rsi_overbought": 1784112351.9775977,
  "ETH-USD_breakout_down": 1784159153.05722,
  "EUR/USD_breakout_up": 1784138762.1827893,
  "BTC-USD_breakout_down": 1784159152.3941205,
  "BTC-USD_rsi_oversold": 1784161896.7821589,
  "EUR/USD_rsi_overbought": 1784143897.5209396,
  "ETH-USD_ma_bearish": 1784159152.6820784,
  "BTC-USD_ma_bullish": 1784155548.3723037,
  "BTC-USD_breakout_up": 1784118698.571075,
  "ETH-USD_breakout_up": 1784137885.0574741,
  "ETH-USD_rsi_overbought": 1784119558.2598815,
  "BTC-USD_rsi_overbought": 1784120143.419863,
  "BTC-USD_ma_bearish": 1784150484.5700102,
  "EUR/USD_ma_bearish": 1784151961.6510808,
  "USD/JPY_ma_bearish": 1784075146.0857544,
  "GBP/USD_ma_bullish": 1784118353.048532,
  "ETH-USD_rsi_oversold": 1784080275.0703964,
  "EUR/USD_breakout_down": 1784117248.384504,
  "GBP/USD_breakout_down": 1784108144.6342764,
  "USD/JPY_ma_bullish": 1784147151.0020132,
  "GBP/USD_rsi_oversold": 1784111145.3343208,
  "EUR/USD_rsi_oversold": 1784110282.1609664,
  "INFY.NS_rsi_oversold": 1784087151.5208836,
  "INFY.NS_ma_bearish": 1784004079.234755,
  "INFY.NS_breakout_down": 1784087151.668401,
  "TCS.NS_breakout_down": 1784087151.190859,
  "RELIANCE.NS_breakout_down": 1784108476.302287,
  "TCS.NS_rsi_oversold": 1783572348.496318,
  "TCS.NS_ma_bearish": 1784103681.3180256,
  "HDFCBANK.NS_breakout_down": 1784020878.7510536,
  "HDFCBANK.NS_ma_bullish": 1784090478.264729,
  "RELIANCE.NS_ma_bullish": 1784092275.793683,
  "EUR/USD_ma_bullish": 1784123152.5674467,
  "HDFCBANK.NS_breakout_up": 1784098279.4466517,
  "RELIANCE.NS_ma_bearish": 1784103950.7736013,
  "HDFCBANK.NS_ma_bearish": 1784103951.9973798,
  "RELIANCE.NS_breakout_up": 1784006154.970257,
  "TCS.NS_ma_bullish": 1784103087.2186012,
  "USD/JPY_breakout_down": 1784137280.0519779,
  "USD/JPY_rsi_oversold": 1784138766.881034,
  "INFY.NS_rsi_overbought": 1783929082.7339957,
  "INFY.NS_breakout_up": 1783928148.3662183,
  "TCS.NS_breakout_up": 1784001078.7369103,
  "INFY.NS_ma_bullish": 1783921280.3749838,
  "TCS.NS_rsi_overbought": 1784000754.6956558,
  "HDFCBANK.NS_rsi_overbought": 1783403154.3971727,
  "RELIANCE.NS_rsi_overbought": 1784007096.8920748,
  "HDFCBANK.NS_rsi_oversold": 1784020878.559113
}