{
  "RELIANCE.NS_rsi_oversold": 1784744458.309359,
  "ETH-USD_ma_bullish": 1784733659.8276427,
  "GBP/USD_ma_bearish": 1784739350.8961616,
  "USD/JPY_breakout_up": 1784741143.363065,
  "GBP/USD_rsi_overbought": 1784616433.7041962,
  "GBP/USD_breakout_up": 1784727349.2394109,
  "USD/JPY_rsi_overbought": 1784665258.5185928,
  "ETH-USD_breakout_down": 1784723748.3313003,
  "EUR/USD_breakout_up": 1784727076.146529,
  "BTC-USD_breakout_down": 1784724360.6215615,
  "BTC-USD_rsi_oversold": 1784706058.1141558,
  "EUR/USD_rsi_overbought": 1784618745.8570044,
  "ETH-USD_ma_bearish": 1784732144.3037617,
  "BTC-USD_ma_bullish": 1784733946.7799566,
  "BTC-USD_breakout_up": 1784736659.4455721,
  "ETH-USD_breakout_up": 1784728258.3513145,
  "ETH-USD_rsi_overbought": 1784733659.5987399,
  "BTC-USD_rsi_overbought": 1784678144.1309276,
  "BTC-USD_ma_bearish": 1784741752.4322844,
  "EUR/USD_ma_bearish": 1784738757.55446,
  "USD/JPY_ma_bearish": 1784701875.724556,
  "GBP/USD_ma_bullish": 1784728548.8054378,
  "ETH-USD_rsi_oversold": 1784701549.6677125,
  "EUR/USD_breakout_down": 1784714745.5885007,
  "GBP/USD_breakout_down": 1784724658.797886,
  "USD/JPY_ma_bullish": 1784720756.0478969,
  "GBP/USD_rsi_oversold": 1784639760.055833,
  "EUR/USD_rsi_oversold": 1784641254.1401308,
  "INFY.NS_rsi_oversold": 1784707860.3982353,
  "INFY.NS_ma_bearish": 1784281261.202661,
  "INFY.NS_breakout_down": 1784703353.8968246,
  "TCS.NS_breakout_down": 1784691969.09788,
  "RELIANCE.NS_breakout_down": 1784744458.8452253,
  "TCS.NS_rsi_oversold": 1784695852.948757,
  "TCS.NS_ma_bearish": 1784540457.6741776,
  "HDFCBANK.NS_breakout_down": 1784703058.89312,
  "HDFCBANK.NS_ma_bullish": 1784263267.4138298,
  "RELIANCE.NS_ma_bullish": 1784712352.2550647,
  "EUR/USD_ma_bullish": 1784726155.4590933,
  "HDFCBANK.NS_breakout_up": 1784277962.8421588,
  "RELIANCE.NS_ma_bearish": 1784744458.545662,
  "HDFCBANK.NS_ma_bearish": 1784519750.213555,
  "RELIANCE.NS_breakout_up": 1784519152.9818432,
  "TCS.NS_ma_bullish": 1784704867.6799865,
  "USD/JPY_breakout_down": 1784705746.832861,
  "USD/JPY_rsi_oversold": 1784487947.4561555,
  "INFY.NS_rsi_overbought": 1784259954.9706066,
  "INFY.NS_breakout_up": 1784259955.4284313,
  "TCS.NS_breakout_up": 1784519153.257702,
  "INFY.NS_ma_bullish": 1784261465.429816,
  "TCS.NS_rsi_overbought": 1784279759.2794025,
  "HDFCBANK.NS_rsi_overbought": 1784264485.0849981,
  "RELIANCE.NS_rsi_overbought": 1784519152.724388,
  "HDFCBANK.NS_rsi_oversold": 1784708749.1541862
}